Rk,Player,Pos,Age,Tm,G,MP,PER,TS%,3PAr,FTr,ORB%,DRB%,TRB%,AST%,STL%,BLK%,TOV%,USG%,OWS,DWS,WS,WS/48,MP / G,OBPM,DBPM,BPM,VORP
442,Pascal Siakam,PF,28,TOR,71,2652,20.3,0.565,0.219,0.361,5.2,19.6,11.9,24.9,1.2,1.3,10,27.2,5.2,2.6,7.8,0.141,37.35211268,3.3,-0.1,3.1,3.4
230,Kyrie Irving,PG-SG,30,TOT,60,2241,22.4,0.613,0.412,0.227,3,12.3,7.7,25.4,1.4,1.7,8.8,28.9,5.4,2,7.4,0.159,37.35,4.8,-0.7,4.1,3.5
465,Jayson Tatum,SF,24,BOS,74,2732,23.7,0.607,0.44,0.399,3.2,22.5,13,20.9,1.4,1.6,10.4,32.7,6.2,4.3,10.5,0.185,36.91891892,4.8,0.7,5.5,5.1
190,James Harden,PG,33,PHI,58,2135,21.6,0.607,0.496,0.429,2.3,17.1,9.8,43.3,1.6,1.4,16.3,25,5.8,2.6,8.4,0.188,36.81034483,5.1,0.3,5.4,4
485,Fred VanVleet,PG,28,TOR,69,2535,17,0.54,0.545,0.254,1.2,12,6.3,28.1,2.4,1.5,10.2,23.2,3.7,2.8,6.5,0.123,36.73913043,2,0.5,2.5,2.9
58,Mikal Bridges,SF,26,PHO,56,2040,14.8,0.574,0.342,0.228,3,10.4,6.6,14.1,1.6,2,8.5,19.2,2.7,2.2,4.9,0.116,36.42857143,0.4,0.6,1,1.6
351,Dejounte Murray,SG,26,ATL,74,2693,17,0.54,0.293,0.144,2.1,13.8,7.9,24,2,0.6,10.2,24.4,2.4,2.3,4.7,0.084,36.39189189,1.1,0,1,2.1
292,Damian Lillard,PG,32,POR,58,2107,26.7,0.645,0.547,0.464,2.4,12.8,7.6,35,1.2,0.8,11.7,33.8,8.2,0.8,9,0.205,36.32758621,8.3,-1.2,7.1,4.9
117,DeMar DeRozan,SF,33,CHI,74,2682,20.6,0.592,0.109,0.401,1.5,12.8,7.2,22.3,1.5,1.3,9.1,27.8,5.4,3.2,8.5,0.153,36.24324324,1.7,0.3,2,2.6
125,Luka Dončić,PG,23,DAL,66,2391,28.7,0.609,0.373,0.479,2.6,25.4,13.8,42.3,1.9,1.2,11.9,37.6,7.3,2.9,10.2,0.204,36.22727273,7.6,1.4,8.9,6.6
140,Anthony Edwards,SG,21,MIN,79,2842,17.4,0.564,0.375,0.274,1.9,15.9,9,19.3,2.1,1.8,13,29.9,0.2,3.6,3.8,0.064,35.97468354,1,0,1,2.1
283,Zach LaVine,SG,27,CHI,77,2768,19,0.607,0.392,0.308,1.7,12.2,7.1,18.7,1.2,0.6,11,28.3,4.2,2.9,7.1,0.123,35.94805195,2.7,-0.7,1.9,2.7
64,Jaylen Brown,SF,26,BOS,67,2405,19.1,0.581,0.352,0.249,3.6,17,10.4,16.5,1.5,0.9,11.4,31.4,1.6,3.4,5,0.1,35.89552239,1.5,-0.2,1.3,2
338,Donovan Mitchell,SG,26,CLE,68,2432,22.9,0.614,0.453,0.262,3.1,10.9,7,21.4,2,1,10.3,32.1,5.4,3.5,8.9,0.176,35.76470588,5.6,0.6,6.3,5
58,Mikal Bridges,SF-SG,26,TOT,83,2963,16.8,0.587,0.349,0.279,2.9,10.8,6.8,13.7,1.5,1.8,8.2,22.6,4.4,3.1,7.5,0.121,35.69879518,1.5,0.2,1.7,2.8
172,Jerami Grant,PF,28,POR,63,2246,16,0.606,0.393,0.375,2.7,11.9,7.2,10.3,1.1,2.1,9.8,22.8,3.1,1,4.1,0.087,35.65079365,1.2,-1.4,-0.2,1
14,OG Anunoby,SF,25,TOR,67,2386,14.6,0.586,0.415,0.189,4.2,12.1,7.9,8,2.7,2,12.1,19.5,1.8,2.9,4.7,0.094,35.6119403,-0.3,0.7,0.4,1.5
137,Kevin Durant,PF,34,TOT,47,1672,25.9,0.677,0.267,0.387,1.2,19.5,10.5,24.5,1,3.4,13.4,30.7,4.7,2.1,6.8,0.194,35.57446809,6,1.2,7.1,3.9
405,Julius Randle,PF,28,NYK,77,2737,20.3,0.581,0.444,0.371,5.6,25.2,15.4,18.5,0.9,0.7,11.5,29.5,5,3.1,8.1,0.142,35.54545455,3.9,-0.2,3.7,3.9
164,Shai Gilgeous-Alexander,PG,24,OKC,68,2416,27.2,0.626,0.122,0.535,2.6,12.2,7.3,25.7,2.2,2.5,10.1,32.8,8.4,3,11.4,0.226,35.52941176,5.7,1.5,7.3,5.6
239,LeBron James,PF,38,LAL,55,1954,23.9,0.583,0.309,0.268,3.7,20.8,12.5,33.5,1.2,1.4,11.6,33.3,3.2,2.4,5.6,0.138,35.52727273,5.5,0.6,6.1,4
157,Darius Garland,PG,23,CLE,69,2447,18.8,0.587,0.365,0.284,1.3,7.6,4.5,34.1,1.7,0.3,13.5,26.9,4.5,3,7.6,0.148,35.46376812,3.2,-0.7,2.4,2.7
320,CJ McCollum,SG,31,NOP,75,2649,15.6,0.541,0.404,0.177,2.4,11.7,7,25.1,1.3,1.4,11.2,26.4,1.5,2.8,4.3,0.078,35.32,1.5,-0.7,0.8,1.9
424,Terry Rozier,SG,28,CHO,63,2221,14.7,0.517,0.425,0.185,2.4,10.2,6.2,22.7,1.6,0.6,9.4,26.9,0.1,1.6,1.7,0.037,35.25396825,0.6,-1.1,-0.6,0.8
447,Anfernee Simons,SG,23,POR,62,2171,14.8,0.581,0.538,0.171,0.9,7.6,4.3,18.6,0.9,0.6,10.2,25.1,2.1,0.3,2.5,0.054,35.01612903,1.3,-2.5,-1.1,0.5
69,Jalen Brunson,PG,26,NYK,68,2379,21.2,0.597,0.269,0.328,1.8,9.3,5.6,28.7,1.3,0.6,9.4,27.2,6.9,1.8,8.7,0.175,34.98529412,4.4,-0.5,3.9,3.5
278,Kyle Kuzma,PF,27,WAS,64,2239,14.3,0.544,0.421,0.208,2.8,19.5,11.5,16.5,0.8,1.1,13.2,27.9,-1,1.9,0.9,0.019,34.984375,-0.2,-1.5,-1.7,0.2
208,Tyler Herro,SG,23,MIA,67,2337,15.3,0.566,0.484,0.164,1.3,17.3,9,19.9,1.1,0.7,11.7,25.6,1.1,2.4,3.5,0.072,34.88059701,1.5,-0.8,0.6,1.6
536,Trae Young,PG,24,ATL,73,2541,22,0.573,0.331,0.46,2.4,7,4.7,42.5,1.5,0.3,15.2,32.6,5.3,1.4,6.7,0.126,34.80821918,5.3,-2,3.3,3.4
28,Scottie Barnes,SF,21,TOR,77,2678,15.5,0.524,0.22,0.242,7.1,15.2,10.8,20,1.5,2.2,12,20.3,2.3,2.7,5,0.09,34.77922078,0.5,-0.1,0.4,1.6
108,Stephen Curry,PG,34,GSW,56,1941,24.1,0.656,0.564,0.248,2.3,16.8,9.7,30,1.3,0.9,12.5,31,5.8,2,7.8,0.192,34.66071429,7.5,0.1,7.5,4.7
3,Bam Adebayo,C,25,MIA,75,2598,20.1,0.592,0.011,0.361,8,23.6,15.5,15.9,1.7,2.4,12.7,25.2,3.6,3.8,7.4,0.137,34.64,0.8,0.8,1.5,2.3
428,Domantas Sabonis,C,26,SAC,79,2736,23.5,0.668,0.088,0.467,10.6,30,20.3,30.4,1.1,1.2,16.9,21.3,9.6,3,12.6,0.221,34.63291139,4.1,1.8,5.8,5.4
161,Paul George,SF,32,LAC,56,1939,19.6,0.588,0.424,0.293,2.6,17,9.9,24.2,2.1,0.9,13.4,29.5,2.3,2.3,4.6,0.114,34.625,2.4,0.3,2.8,2.3
49,Devin Booker,SG,26,PHO,53,1835,22,0.601,0.296,0.336,2.7,12,7.2,27.3,1.4,0.9,10.6,31.8,4.2,1.9,6,0.157,34.62264151,4.5,-0.3,4.2,2.9
143,Joel Embiid,C,28,PHI,66,2284,31.4,0.655,0.151,0.581,5.9,28.3,17.3,22.9,1.4,4.6,11.9,37,8.4,3.9,12.3,0.259,34.60606061,6.8,2.3,9.2,6.4
123,Spencer Dinwiddie,SG-PG,29,TOT,79,2725,16,0.573,0.467,0.314,1.2,10.2,5.7,28.1,1.2,0.8,10.8,22.1,4.5,1.8,6.3,0.111,34.49367089,1.6,-0.9,0.7,1.8
307,Lauri Markkanen,PF,25,UTA,66,2273,22.1,0.64,0.446,0.348,6.3,20.7,13.6,8.6,0.9,1.4,8.8,26.6,6.3,1.9,8.2,0.173,34.43939394,4.9,-1,3.8,3.3
339,Evan Mobley,PF,21,CLE,79,2715,17.9,0.591,0.108,0.321,8.1,22.7,15.4,12.4,1.1,4,11.9,20.2,3.7,4.8,8.5,0.151,34.36708861,0,1.6,1.7,2.5
389,Kevin Porter Jr.,PG,22,HOU,59,2024,16.2,0.565,0.436,0.299,4.1,13.1,8.5,25.7,2,0.8,15.8,24.3,1.9,1,2.9,0.068,34.30508475,1.4,-0.8,0.6,1.3
177,Jalen Green,SG,20,HOU,76,2602,14.5,0.538,0.408,0.341,1.8,10.3,6,17.3,1.1,0.7,11.3,28.1,1.4,0.5,1.8,0.034,34.23684211,0.5,-2.6,-2.1,0
229,Brandon Ingram,SF,25,NOP,45,1538,19.2,0.582,0.196,0.326,1.7,16.4,9.1,28.1,1,1.2,13.4,30.8,1.8,1.7,3.5,0.108,34.17777778,2.2,-0.4,1.7,1.4
123,Spencer Dinwiddie,SG,29,DAL,53,1808,16.1,0.599,0.491,0.298,1.2,9.4,5.2,23.8,1.1,0.8,10.3,21.9,3.3,1,4.3,0.114,34.11320755,2,-1.2,0.9,1.3
110,Anthony Davis,C,29,LAL,56,1904,27.8,0.627,0.077,0.462,11.3,27.6,19.7,13,1.5,5.1,9.5,28.4,5.5,3.4,9,0.226,34,4.6,1.7,6.3,4
29,RJ Barrett,SG,22,NYK,73,2475,12.9,0.531,0.332,0.333,2.7,13.7,8.2,12.4,0.6,0.6,10.8,26.2,0.5,1.8,2.2,0.043,33.90410959,-1.2,-1.9,-3.1,-0.7
23,Paolo Banchero,PF,20,ORL,72,2430,14.9,0.529,0.254,0.476,3.9,19.3,11.6,17.2,1.2,1.5,12.8,27.5,-0.3,2.6,2.4,0.047,33.75,-0.7,-0.7,-1.5,0.3
249,Nikola Jokić,C,27,DEN,69,2323,31.5,0.701,0.146,0.406,8.5,31.3,20.2,46.6,1.8,1.8,17,27.2,11.2,3.8,14.9,0.308,33.66666667,8.5,4.5,13,8.8
186,Tyrese Haliburton,PG,22,IND,56,1883,23.6,0.624,0.478,0.239,1.9,10.1,6,47.6,2.3,1.1,13.2,23.8,6.4,1.2,7.6,0.195,33.625,7,0.2,7.2,4.4
288,Kawhi Leonard,SF,31,LAC,52,1748,23.9,0.623,0.287,0.32,3.7,17.8,10.8,19.6,2,1.4,8.1,27,4.9,2.2,7.1,0.194,33.61538462,5.1,0.9,6.1,3.5
316,Tyrese Maxey,SG,22,PHI,60,2016,17,0.605,0.404,0.233,1.4,8.8,5.2,16.9,1.2,0.4,7.4,24.1,3.7,1.6,5.4,0.128,33.6,1.9,-1.2,0.6,1.3
489,Nikola Vučević,C,32,CHI,82,2746,19.1,0.594,0.302,0.138,6.7,30.2,18.6,14.6,1.1,2,10.2,21.9,3.9,4.4,8.3,0.145,33.48780488,1.9,0.7,2.7,3.2
35,Bradley Beal,SG,29,WAS,50,1673,19.7,0.593,0.249,0.26,2.8,9.9,6.5,26.6,1.3,1.7,12.9,29.2,2.2,1.2,3.4,0.099,33.46,2.9,-1.2,1.8,1.6
199,Josh Hart,SF,27,POR,51,1704,12.7,0.586,0.309,0.328,6.4,21.9,14.1,16,1.5,0.5,16,12.6,2,1.2,3.2,0.091,33.41176471,-0.9,0.7,-0.2,0.8
75,Jimmy Butler,PF,33,MIA,64,2138,27.6,0.647,0.116,0.625,7.5,13.3,10.3,27.1,2.7,1,8.2,25.6,9.4,2.9,12.3,0.277,33.40625,6.7,2,8.7,5.8
153,De'Aaron Fox,PG,25,SAC,73,2435,21.8,0.599,0.276,0.331,1.9,12.4,7.2,29.6,1.6,0.8,10.6,30.1,5.5,1.8,7.4,0.146,33.35616438,3.4,-0.9,2.5,2.7
471,Klay Thompson,SF,32,GSW,69,2279,14.7,0.576,0.584,0.105,1.9,11.7,6.9,11,1,1.1,8.6,26.4,1.2,1.9,3.1,0.066,33.02898551,1.5,-1.7,-0.3,1
426,D'Angelo Russell,PG,26,MIN,54,1778,16.1,0.604,0.521,0.23,1.8,8.5,5.2,27,1.6,1,15.5,22.8,2.3,1.5,3.8,0.103,32.92592593,1.9,-0.7,1.2,1.4
197,Tobias Harris,SF,30,PHI,74,2436,14.8,0.602,0.383,0.153,3.3,17,10.3,11.4,1.4,1.5,9,18.2,3.1,2.8,5.9,0.116,32.91891892,0.6,0.1,0.7,1.7
352,Jamal Murray,PG,25,DEN,65,2133,18,0.571,0.415,0.207,2.7,11,6.9,27.5,1.5,0.7,11.3,26.1,3.3,1.9,5.1,0.116,32.81538462,2.6,-1.3,1.3,1.8
246,Keldon Johnson,SF,23,SAS,63,2063,15.3,0.551,0.366,0.294,2.9,14.4,8.4,13.7,1.1,0.4,9.6,27.9,0.7,0.5,1.3,0.03,32.74603175,0.7,-2.5,-1.8,0.1
8,Jarrett Allen,C,24,CLE,68,2220,19.9,0.67,0.016,0.353,11.7,23.6,17.7,7.5,1.2,3.5,11.4,16.4,5.5,4,9.5,0.205,32.64705882,1.3,1,2.4,2.4
393,Kristaps Porziņģis,C,27,WAS,65,2120,23.1,0.627,0.35,0.409,6.2,21.8,14.3,12.9,1.3,4,10.2,27.4,5,2.7,7.7,0.174,32.61538462,3.8,0.5,4.3,3.4
491,Franz Wagner,SF,21,ORL,80,2609,15.9,0.589,0.322,0.288,3,11.2,7.1,17.2,1.4,0.6,11.7,23.5,3.1,2.3,5.4,0.099,32.6125,0.4,-0.5,-0.1,1.3
500,P.J. Washington,PF,24,CHO,73,2380,12.9,0.542,0.438,0.178,3.2,13,8,11,1.3,2.9,9.4,20.6,0.4,2.2,2.6,0.052,32.60273973,-1,-0.3,-1.3,0.4
93,Jordan Clarkson,SG,30,UTA,61,1988,14.7,0.558,0.445,0.238,4,9.3,6.7,20.9,0.8,0.6,14,27.8,0.9,0.8,1.7,0.042,32.59016393,1,-2.4,-1.4,0.3
214,Jrue Holiday,PG,32,MIL,67,2183,19.2,0.586,0.402,0.173,3.9,12,8.1,34.4,1.7,0.9,15.2,25,3.9,2.8,6.7,0.148,32.58208955,3,0.1,3.1,2.8
27,Harrison Barnes,PF,30,SAC,82,2662,14.1,0.632,0.446,0.522,3.8,11.9,7.9,6.3,1,0.3,8.1,17.1,5.1,1.4,6.5,0.118,32.46341463,0.5,-1.5,-1,0.7
426,D'Angelo Russell,PG,26,TOT,71,2304,16.3,0.605,0.517,0.228,1.7,8.5,5.2,27.4,1.4,1.1,15.1,22.7,3.1,1.9,5.1,0.106,32.45070423,2.1,-0.7,1.5,2
199,Josh Hart,SF,27,TOT,76,2454,14.1,0.622,0.315,0.338,6.5,21,13.7,16.1,1.8,0.8,16.4,12.6,3.8,2.2,6,0.118,32.28947368,-0.2,1.1,0.9,1.8
379,Kelly Oubre Jr.,SF,27,CHO,48,1548,14.8,0.534,0.414,0.254,4.4,12.9,8.6,5.6,2.1,1,6.6,26.5,0.1,1.5,1.7,0.051,32.25,-0.4,-0.7,-1.1,0.3
11,Giannis Antetokounmpo,PF,28,MIL,63,2024,29,0.605,0.134,0.604,7.3,30,19.1,33.2,1.2,2.1,13.2,38.8,4.9,3.7,8.6,0.204,32.12698413,5.8,2.7,8.5,5.4
479,Gary Trent Jr.,SG,24,TOR,66,2118,15,0.56,0.481,0.219,1.5,8.2,4.6,7.4,2.4,0.6,5.1,21.7,2.5,2,4.5,0.102,32.09090909,0.2,0,0.2,1.2
46,Bojan Bogdanović,PF,33,DET,59,1893,17.4,0.627,0.4,0.344,2,11.3,6.5,13.6,0.9,0.4,11.7,25.9,3.1,0.4,3.5,0.09,32.08474576,2.6,-1.8,0.8,1.4
449,Marcus Smart,PG,28,BOS,61,1957,12.1,0.538,0.568,0.196,2.6,8,5.3,26.4,2.3,1,17.9,17.8,1,2.7,3.7,0.092,32.08196721,-1.8,0.8,-1,0.5
380,Chris Paul,PG,37,PHO,59,1889,17.7,0.555,0.391,0.24,1.6,13.4,7.4,38.7,2.4,1,13.4,19.2,3.7,2.5,6.2,0.156,32.01694915,2,1.2,3.2,2.5
346,Ja Morant,PG,23,MEM,61,1948,23.3,0.557,0.247,0.409,3.3,16.1,9.7,41.1,1.6,0.7,12.6,34.9,3.4,2.6,6,0.148,31.93442623,5.2,0.5,5.7,3.8
24,Desmond Bane,SG,24,MEM,58,1841,19.1,0.606,0.433,0.218,2.5,14.3,8.4,20.8,1.4,1.1,10.9,26.1,3.5,2.3,5.8,0.151,31.74137931,3.3,0.1,3.5,2.5
224,De'Andre Hunter,SF,25,ATL,67,2126,11.5,0.563,0.348,0.252,2.3,12.4,7.3,6,0.8,0.7,8.2,19.7,1.4,1.2,2.5,0.057,31.73134328,-1.9,-1.4,-3.3,-0.7
369,Royce O'Neale,SF,29,BRK,76,2409,9.2,0.538,0.707,0.116,2.6,15,9,15.3,1.3,1.7,15.5,13.6,0.4,2.5,2.9,0.057,31.69736842,-1.7,0.6,-1.1,0.5
205,Gordon Hayward,SF,32,CHO,50,1577,13.5,0.563,0.275,0.274,2.2,12.6,7.3,19.3,1.3,0.7,13.2,20,0.8,1.1,2,0.059,31.54,-1.1,-0.3,-1.4,0.2
176,Draymond Green,PF,32,GSW,73,2297,12.2,0.592,0.276,0.228,3.2,21.6,12.6,27.8,1.5,2.3,28.1,13.2,1.6,3.1,4.7,0.098,31.46575342,-1.8,2.6,0.8,1.6
78,Kentavious Caldwell-Pope,SG,29,DEN,76,2381,11.5,0.598,0.505,0.198,1.7,8.1,5,9.8,2.3,1.3,11.1,14.1,2,2.5,4.5,0.091,31.32894737,-1.6,0.6,-1,0.6
300,Kyle Lowry,PG,36,MIA,55,1718,12.6,0.565,0.639,0.278,2.8,12.9,7.7,23.4,1.7,1.2,15.9,16.7,1.5,1.9,3.4,0.096,31.23636364,-0.7,0.8,0.2,0.9
163,Josh Giddey,PF,20,OKC,76,2367,17.1,0.533,0.209,0.13,6.6,20.9,13.6,29.9,1.1,1.2,15.1,24.6,1.3,2.7,4,0.081,31.14473684,1.5,-0.3,1.2,1.9
232,Jaden Ivey,SG,20,DET,74,2304,12.1,0.528,0.356,0.362,3.4,10.7,6.9,26.2,1.3,0.7,17.2,25.4,-0.9,0.8,0,-0.001,31.13513514,-1.4,-1.9,-3.3,-0.7
453,Jabari Smith Jr.,PF,19,HOU,79,2451,11.2,0.514,0.438,0.231,5.4,20.3,12.7,5.9,0.9,3,9.6,18.4,0.5,1.4,1.9,0.037,31.02531646,-2.3,-1.3,-3.7,-1.1
209,Buddy Hield,SF,30,IND,80,2482,15.4,0.614,0.652,0.124,3,14.9,8.9,13.3,1.8,0.9,11.3,20.8,2.7,1.6,4.4,0.085,31.025,2.5,-0.6,1.9,2.4
350,Trey Murphy III,SF,22,NOP,79,2448,15.2,0.65,0.621,0.238,2.7,10.3,6.5,6.4,1.8,1.7,6.5,16.6,4.8,2.8,7.6,0.15,30.98734177,1.4,0.4,1.8,2.3
127,Luguentz Dort,SF,23,OKC,74,2272,11.3,0.513,0.468,0.297,5.9,10.4,8.1,9.2,1.6,0.9,8.5,19.8,0.9,2.1,2.9,0.062,30.7027027,-2,-1,-3,-0.6
167,Rudy Gobert,C,30,MIN,70,2148,18.9,0.675,0.005,0.623,12.2,29.8,21.2,5.6,1.2,3.9,14.9,16.3,4.3,3.5,7.8,0.174,30.68571429,0,0.7,0.7,1.4
322,Jaden McDaniels,SF,22,MIN,79,2416,12,0.611,0.376,0.201,4.3,9.8,7.1,8.4,1.5,2.7,12.6,15.8,2,2.4,4.4,0.087,30.58227848,-1.7,0.5,-1.2,0.5
217,Al Horford,C,36,BOS,63,1922,13.8,0.631,0.678,0.044,4.2,17.7,11.1,13.2,0.8,2.7,7,11.9,3.6,2.7,6.3,0.157,30.50793651,1.6,1.7,3.3,2.5
146,Dorian Finney-Smith,PF,29,TOT,66,2009,9.2,0.523,0.675,0.118,6.5,11.5,9,6.7,1.4,1.6,10.5,13.2,0.6,1.6,2.1,0.051,30.43939394,-1.7,-0.3,-2,0
297,Brook Lopez,C,34,MIL,78,2373,18.4,0.63,0.405,0.211,7.2,15.3,11.4,6.1,0.7,6.7,9.8,19.3,4.1,3.9,8,0.161,30.42307692,0.8,1.3,2.1,2.5
17,Deandre Ayton,C,24,PHO,67,2035,19.9,0.617,0.027,0.225,9.2,27.5,18.1,9.2,0.9,2.3,11,22.9,3.3,3,6.2,0.147,30.37313433,0.9,0,0.9,1.5
518,Jalen Williams,SG,21,OKC,75,2276,15.6,0.601,0.258,0.241,3.9,12.2,7.9,15.4,2.1,1.4,12.3,18.4,3,2.6,5.6,0.119,30.34666667,-0.4,0.7,0.3,1.3
61,Dillon Brooks,SF,27,MEM,73,2214,9.4,0.494,0.443,0.155,2.2,9.5,5.8,11.7,1.4,0.7,8.9,21.8,-0.8,2.4,1.6,0.034,30.32876712,-3.4,-0.5,-3.9,-1.1
189,Tim Hardaway Jr.,SF,30,DAL,71,2152,12.1,0.554,0.649,0.195,1.1,12.6,6.8,9,1.1,0.5,6.1,20.6,1,1.3,2.3,0.051,30.30985915,-0.3,-1.5,-1.8,0.1
71,Reggie Bullock,SF,31,DAL,78,2364,7.7,0.577,0.845,0.079,1.6,12.5,7,6.2,1.1,0.5,6.9,10,1.3,1.4,2.8,0.056,30.30769231,-2.3,-0.3,-2.6,-0.4
99,Mike Conley,PG,35,TOT,67,2029,14.7,0.583,0.575,0.277,1.8,7.9,4.9,29.4,1.7,0.6,13.1,16.3,4.1,1.4,5.5,0.13,30.28358209,1,-0.1,0.9,1.5
290,Caris LeVert,SG,28,CLE,74,2237,12.4,0.546,0.437,0.243,2.8,12.1,7.4,18,1.6,1,12.4,18.7,1.4,3.1,4.4,0.095,30.22972973,-1,0.8,-0.2,1
169,Aaron Gordon,PF,27,DEN,68,2055,19.5,0.617,0.227,0.413,9.4,15.4,12.5,14.2,1.3,2.2,9.8,21.1,4.6,2.2,6.8,0.158,30.22058824,2.4,-0.3,2.1,2.1
170,Eric Gordon,SG,34,HOU,47,1418,11.4,0.572,0.513,0.282,0.9,6.7,3.8,13.8,1,1.2,13.4,18.1,1,0.1,1.1,0.037,30.17021277,-0.9,-1.7,-2.6,-0.2
434,Dennis Schröder,PG,29,LAL,66,1986,11.5,0.545,0.346,0.388,1.2,7.5,4.4,20.1,1.2,0.4,12.8,18.6,1.3,1.5,2.8,0.068,30.09090909,-2.4,-0.5,-2.9,-0.4
96,John Collins,PF,25,ATL,71,2130,13.6,0.593,0.339,0.252,3.9,20,11.9,5.3,0.9,2.9,9.1,17.1,2.1,2.1,4.2,0.095,30,-1.4,0.2,-1.3,0.4
388,Jordan Poole,PG,23,GSW,82,2458,14.6,0.573,0.498,0.325,1.5,8.5,5,22.5,1.2,0.8,14.7,29.2,1.4,1.9,3.2,0.063,29.97560976,-0.1,-1.8,-1.9,0.1
94,Nic Claxton,C,23,BRK,76,2271,20.8,0.691,0.003,0.419,9.3,25.1,17.4,9.3,1.4,7.1,12.1,15.4,5.2,4,9.2,0.195,29.88157895,0.9,2.2,3.1,2.9
184,Quentin Grimes,SG,22,NYK,71,2121,11.7,0.619,0.676,0.163,2.5,9.4,5.9,9.7,1.1,1.2,9.7,14.4,3.2,1.6,4.8,0.108,29.87323944,-0.3,0.1,-0.1,1
353,Keegan Murray,SF,22,SAC,80,2382,12.3,0.597,0.641,0.104,4.3,13.4,8.9,5.5,1.2,1.5,6.8,15.8,2.6,1.7,4.3,0.087,29.775,0.4,-1,-0.6,0.8
99,Mike Conley,PG,35,UTA,43,1276,13.9,0.552,0.568,0.256,1.5,7.5,4.5,34,1.6,0.7,15.1,16.1,2.2,0.8,3,0.113,29.6744186,0.7,-0.5,0.2,0.7
84,Wendell Carter Jr.,C,23,ORL,57,1690,17.3,0.621,0.367,0.318,8,25.3,16.6,12,0.9,1.9,13.2,20.5,2.6,2,4.6,0.13,29.64912281,0.9,0.1,1,1.3
154,Markelle Fultz,PG,24,ORL,60,1778,16.6,0.564,0.128,0.211,4.4,10.5,7.4,29.8,2.4,1.4,15.8,21.3,1.7,2,3.7,0.1,29.63333333,-0.1,0.7,0.5,1.2
253,Herbert Jones,PF,24,NOP,66,1951,12.1,0.567,0.333,0.321,5.6,10,7.8,11.1,2.6,2.1,13.3,14.5,1.5,2.7,4.2,0.104,29.56060606,-1.9,1.7,-0.3,0.8
481,Myles Turner,C,26,IND,62,1825,20,0.651,0.34,0.377,5.4,22.9,14.2,7.5,0.9,6.6,10.8,22,3.4,2,5.4,0.142,29.43548387,1.4,0.7,2.1,1.9
222,Kevin Huerter,SG,24,SAC,75,2203,15.2,0.617,0.589,0.151,2.2,10.8,6.5,14.1,1.7,1,9.5,19.9,3.3,1.7,4.9,0.107,29.37333333,1.4,-0.3,1,1.7
309,Caleb Martin,SF,27,MIA,71,2077,11.4,0.571,0.431,0.206,4.8,15,9.7,8.2,1.7,1.5,11.5,14.4,1.2,2.5,3.7,0.086,29.25352113,-1.8,0.5,-1.2,0.4
255,Tre Jones,PG,23,SAS,68,1984,16,0.534,0.213,0.231,3,10.8,6.7,31.5,2.1,0.4,11.8,19.3,2.6,0.8,3.4,0.082,29.17647059,-0.2,-0.8,-1,0.5
507,Russell Westbrook,PG,34,TOT,73,2126,16.1,0.513,0.289,0.317,4.7,16.5,10.8,38.6,1.7,1.3,18.4,27.7,-0.6,2.6,1.9,0.044,29.12328767,0.3,-0.1,0.2,1.2
390,Michael Porter Jr.,SF,24,DEN,62,1798,16.8,0.621,0.556,0.147,4.2,17.2,10.9,5.3,1,1.4,7.3,22.7,2.6,1.8,4.3,0.116,29,2,-1.8,0.2,1
437,Alperen Şengün,C,20,HOU,75,2171,19.7,0.599,0.071,0.36,12.1,22.3,17.1,21,1.6,3.2,17.3,21.4,3.4,1.8,5.2,0.115,28.94666667,1.1,0.4,1.4,1.9
403,Immanuel Quickley,SG,23,NYK,81,2344,16.3,0.578,0.485,0.265,2.7,13.1,7.9,17.4,1.7,0.6,8.7,20.9,4.4,2.3,6.7,0.137,28.9382716,1.3,0.4,1.7,2.1
40,Saddiq Bey,SF,23,DET,52,1500,14.3,0.552,0.483,0.345,4.2,13.9,8.9,8.5,1.6,0.7,7.2,21.3,1.5,0.8,2.3,0.074,28.84615385,0.5,-1.1,-0.7,0.5
406,Austin Reaves,SG,24,LAL,64,1843,14.9,0.687,0.441,0.541,2,9,5.6,15.7,0.8,0.9,14,16.2,4.1,1.4,5.4,0.142,28.796875,0.6,0.1,0.7,1.2
507,Russell Westbrook,PG,34,LAL,52,1491,15.3,0.496,0.292,0.326,4.4,18.2,11.5,38.5,1.7,1.3,18.1,28.8,-1.2,1.9,0.7,0.023,28.67307692,-0.2,0.1,-0.1,0.7
376,Kelly Olynyk,C,31,UTA,68,1942,14.4,0.643,0.424,0.417,4.6,18.6,11.7,17.6,1.5,1.6,20.3,17.8,2.4,1.9,4.3,0.106,28.55882353,-0.4,0.9,0.4,1.2
539,Ivica Zubac,C,25,LAC,76,2170,16.7,0.661,0.004,0.463,12.3,26.5,19.5,5.1,0.7,4,15.9,14.8,3.8,2.9,6.7,0.149,28.55263158,-1.1,0.2,-0.9,0
243,Cameron Johnson,PF,26,TOT,42,1199,17.1,0.617,0.538,0.253,3.2,14,8.6,9.6,2,1,6.6,20.6,2.1,1.4,3.5,0.142,28.54761905,2,0.6,2.6,1.4
385,Mason Plumlee,C,32,CHO,56,1597,20,0.673,0,0.646,12.2,24.1,18.1,18.7,1,1.9,14.6,15.7,4.3,1.8,6.1,0.183,28.51785714,1.5,0.9,2.4,1.8
62,Bruce Brown,SF,26,DEN,80,2280,13.3,0.571,0.343,0.206,3.3,13,8.3,15.7,1.9,2,13.2,17.8,1.7,2.6,4.3,0.09,28.5,-1.1,0.6,-0.5,0.9
314,Bennedict Mathurin,SG,20,IND,78,2222,13.1,0.566,0.326,0.477,4.4,11.5,7.9,7.6,1,0.5,11.7,24.6,1,0.8,1.8,0.038,28.48717949,-1.2,-2.5,-3.7,-1
170,Eric Gordon,SG,34,TOT,69,1965,11.8,0.587,0.545,0.265,0.9,6.7,3.8,13.4,1.1,1.2,12.5,17.8,1.8,0.5,2.3,0.056,28.47826087,-0.5,-1.4,-1.9,0.1
460,Max Strus,SF,26,MIA,80,2272,10.8,0.557,0.713,0.113,2.4,11.2,6.7,11.2,0.9,0.5,7.8,17.6,1.5,1.9,3.4,0.071,28.4,-0.8,-0.9,-1.7,0.2
235,Jaren Jackson Jr.,C,23,MEM,63,1787,21.6,0.613,0.343,0.372,6.4,18.8,12.6,5,1.7,9.6,10.1,24.7,2.8,3.8,6.6,0.177,28.36507937,0.7,2,2.8,2.2
10,Kyle Anderson,PF,29,MIN,69,1957,14.8,0.583,0.212,0.275,3.8,16.9,10.5,22.6,1.9,2.8,15.7,14.4,2.5,2.6,5.1,0.125,28.36231884,0.2,2.3,2.5,2.2
204,Killian Hayes,PG,21,DET,76,2154,10.2,0.455,0.351,0.137,1.4,10.2,5.7,32.3,2.3,1.1,16.7,20.5,-1.9,1.4,-0.5,-0.012,28.34210526,-3.3,-0.5,-3.8,-1
523,Patrick Williams,PF,21,CHI,82,2323,11.2,0.576,0.409,0.155,3.9,12,8,5.8,1.5,2.9,12.3,15.7,0.5,3,3.5,0.072,28.32926829,-1.7,0.4,-1.3,0.4
268,Corey Kispert,SF,23,WAS,74,2093,11.5,0.657,0.656,0.15,1.8,8.9,5.5,5.7,0.7,0.4,8.1,14.1,2.9,0.9,3.8,0.088,28.28378378,-0.1,-1.4,-1.5,0.2
509,Derrick White,SG,28,BOS,82,2319,15.4,0.604,0.516,0.253,2.5,11.2,6.9,19.4,1.1,2.8,10.1,17.7,4.4,3.1,7.4,0.154,28.2804878,1.1,1.3,2.4,2.6
459,Isaiah Stewart,C,21,DET,50,1414,13.1,0.56,0.465,0.338,8.7,23.3,15.8,7.3,0.7,2.1,11.8,17.3,1.1,0.9,2,0.068,28.28,-1,-1.1,-2.1,0
347,Marcus Morris,PF,33,LAC,65,1825,10.5,0.534,0.479,0.135,1.8,13.9,7.9,8.9,1.1,1,7.6,17.6,0.4,1.6,2,0.053,28.07692308,-1.8,-0.2,-1.9,0
311,Kenyon Martin Jr.,SF,22,HOU,82,2292,15.4,0.635,0.3,0.308,6,15.8,10.8,8.1,0.9,1.3,10,16.4,4.2,0.7,4.9,0.103,27.95121951,0.6,-1.3,-0.7,0.7
45,Bogdan Bogdanović,SG,30,ATL,54,1508,14.2,0.586,0.589,0.126,1.6,10.4,6,13.4,1.4,1,9.2,19.8,1.8,1,2.8,0.088,27.92592593,1.1,-0.7,0.5,0.9
329,De'Anthony Melton,SG,24,PHI,77,2150,12.7,0.566,0.619,0.134,3.9,13.1,8.6,12.9,2.9,1.8,12.9,16.4,1.1,3.1,4.2,0.095,27.92207792,-0.7,1.6,0.9,1.6
40,Saddiq Bey,SF,23,TOT,77,2129,14.6,0.564,0.5,0.285,5,14,9.4,8.1,1.6,0.5,7,20.2,2.6,1.2,3.9,0.087,27.64935065,0.9,-1.2,-0.3,0.9
357,Andrew Nembhard,SG,23,IND,75,2073,10,0.528,0.408,0.096,1.9,8.8,5.3,22.4,1.6,0.5,15.8,16.1,0.4,0.8,1.2,0.029,27.64,-2.4,-0.8,-3.2,-0.6
7,Grayson Allen,SG,27,MIL,72,1972,12.3,0.612,0.657,0.226,3.4,9,6.3,10.9,1.5,0.6,10.5,14.6,2.8,2.2,5.1,0.123,27.38888889,-0.6,0.7,0.1,1
349,Monte Morris,PG,27,WAS,62,1695,15,0.579,0.396,0.15,1.8,11.6,6.9,26.4,1.2,0.6,9.9,15.6,3.1,1.1,4.2,0.12,27.33870968,0.8,-0.4,0.5,1.1
39,Patrick Beverley,SG-PG,34,TOT,67,1816,8.9,0.534,0.664,0.181,2.7,12,7.5,13.3,1.7,2,13.4,10.6,0.8,2.1,3,0.079,27.10447761,-2.9,1.7,-1.2,0.3
2,Steven Adams,C,29,MEM,42,1133,17.5,0.564,0.004,0.49,20.1,25.3,22.7,11.2,1.5,3.7,19.8,14.6,1.3,2.1,3.4,0.144,26.97619048,-0.3,0.9,0.6,0.7
416,Mitchell Robinson,C,24,NYK,59,1591,18.9,0.652,0,0.436,18.4,20,19.2,4.5,1.7,6.5,10.9,10.1,4,2.6,6.5,0.197,26.96610169,1,1.4,2.4,1.7
39,Patrick Beverley,SG,34,LAL,45,1211,8.3,0.548,0.656,0.207,2.2,9.9,6.2,12.1,1.6,1.7,13.8,10.6,0.5,1.3,1.8,0.071,26.91111111,-3.2,1.4,-1.8,0.1
36,Malik Beasley,SG,26,UTA,55,1472,11.5,0.535,0.704,0.066,2,12.3,7.2,9,1.4,0.5,8,21.2,0.3,1,1.2,0.04,26.76363636,-0.4,-1.2,-1.6,0.2
367,Jusuf Nurkić,C,28,POR,52,1391,17.3,0.589,0.236,0.38,9.3,29.7,19.5,16.4,1.5,2.8,16.8,22.1,1.2,1.5,2.7,0.092,26.75,-0.6,0.7,0.1,0.7
323,Jalen McDaniels,SF,25,CHO,56,1494,11.6,0.551,0.409,0.211,3.1,16.5,9.6,10.5,2.1,1.7,12.9,17.5,0.1,1.7,1.8,0.057,26.67857143,-2.7,0.7,-2,0
81,Clint Capela,C,28,ATL,65,1730,22.1,0.656,0.002,0.244,16.1,29.4,22.7,4.7,1.2,3.9,8.3,15.7,4.9,2.4,7.2,0.201,26.61538462,2.3,-0.1,2.2,1.8
16,Deni Avdija,SF,22,WAS,76,2020,11.2,0.535,0.401,0.285,4.2,21.9,13.4,13.9,1.6,1.2,15.9,16.7,0,2.3,2.3,0.054,26.57894737,-2.8,0.5,-2.3,-0.1
386,Jakob Poeltl,C,27,TOT,72,1906,21,0.635,0.002,0.325,13,25.5,19,15.2,1.7,4,15,18.2,3.7,2.2,6,0.15,26.47222222,1.1,0.8,1.9,1.9
375,Victor Oladipo,SG,30,MIA,42,1106,10.6,0.513,0.526,0.196,1.6,12.3,6.8,19.8,2.6,1.1,16.6,21.1,-0.9,1.5,0.6,0.024,26.33333333,-2.9,0.8,-2.1,0
444,Ben Simmons,PG,26,BRK,42,1105,13.4,0.559,0.009,0.243,4.2,22.2,13.4,31.3,2.4,1.9,27.2,14.3,0.5,1.7,2.2,0.097,26.30952381,-2.2,2.6,0.4,0.7
124,Donte DiVincenzo,SG,26,GSW,72,1894,12.8,0.593,0.7,0.131,4.7,14,9.4,17.3,2.4,0.5,16.4,15.1,1.9,2.3,4.2,0.106,26.30555556,-0.6,1.3,0.7,1.3
128,Ayo Dosunmu,SG,23,CHI,80,2098,10.2,0.567,0.332,0.144,2.5,9.3,5.9,13.2,1.4,1.2,14,14.9,0.7,2.2,2.9,0.067,26.225,-3,0.6,-2.5,-0.2
396,Norman Powell,SG,29,LAC,60,1567,17.1,0.612,0.404,0.39,1.7,10.7,6.3,11,1.6,1,10.8,26,2.1,1.4,3.5,0.107,26.11666667,0.9,-0.7,0.3,0.9
386,Jakob Poeltl,C,27,SAS,46,1199,19.7,0.625,0.003,0.332,13.3,25,18.9,17,1.4,3.6,17.8,18.6,1.8,1.1,2.9,0.115,26.06521739,0.5,0.4,0.9,0.9
456,Jeremy Sochan,PF,19,SAS,56,1458,11.4,0.509,0.243,0.21,6.9,15.6,11,13.6,1.4,1.3,13.9,19.8,-0.5,0.7,0.2,0.005,26.03571429,-2.8,-1.2,-4,-0.7
60,Malcolm Brogdon,PG,30,BOS,67,1744,18.2,0.615,0.406,0.251,2.7,14.7,8.8,21.5,1.3,0.9,10.8,22.8,3.6,2.2,5.8,0.161,26.02985075,2.3,0.6,2.8,2.1
385,Mason Plumlee,C,32,TOT,79,2054,19.6,0.689,0,0.647,11.8,25.1,18.4,17.3,1.1,2,15.8,15.2,5.5,2.4,7.9,0.185,26,1.2,1,2.2,2.2
392,Bobby Portis,PF,27,MIL,70,1818,17.8,0.575,0.32,0.156,9.2,28.6,19.3,8.7,0.8,0.7,8.6,21.7,2.5,2.8,5.3,0.139,25.97142857,1.2,-0.6,0.7,1.2
531,Christian Wood,C,27,DAL,67,1738,20.6,0.624,0.363,0.365,5.8,27.4,16.4,11.7,0.9,3.7,11.9,26.4,2.7,2.1,4.8,0.132,25.94029851,1.9,-0.3,1.7,1.6
517,Grant Williams,PF,24,BOS,79,2045,10.3,0.605,0.611,0.256,4.7,14.5,9.7,8.4,1,1.3,13.4,13.1,1.9,2.6,4.4,0.104,25.88607595,-1.8,0.7,-1.1,0.5
487,Gabe Vincent,PG,26,MIA,68,1759,9,0.533,0.617,0.138,1.7,8.1,4.8,13.9,1.8,0.3,13.3,17.5,-0.3,1.7,1.4,0.038,25.86764706,-3.1,-0.3,-3.4,-0.6
13,Cole Anthony,PG,22,ORL,60,1552,16,0.57,0.338,0.279,3.4,17.6,10.5,22.9,1.2,1.9,11.7,21.5,2.1,1.7,3.7,0.116,25.86666667,0.7,0.5,1.3,1.3
36,Malik Beasley,SG,26,TOT,81,2093,10.9,0.531,0.702,0.069,1.8,12.5,7.3,8.4,1.5,0.4,8.5,21.1,-0.2,1.6,1.4,0.032,25.83950617,-0.9,-1,-2,0
450,Dennis Smith Jr.,PG,25,CHO,54,1390,11.6,0.475,0.246,0.235,2,11,6.4,26.1,2.6,1.6,14.1,17.6,-0.4,1.5,1.1,0.039,25.74074074,-3.5,1.2,-2.2,-0.1
238,Reggie Jackson,PG,32,LAC,52,1338,10.3,0.523,0.43,0.129,1.9,7.8,4.9,19.8,1.4,0.3,15.1,20.8,-0.4,1,0.6,0.02,25.73076923,-2.6,-1,-3.7,-0.6
181,Josh Green,SG,22,DAL,60,1539,11.2,0.645,0.442,0.246,4.1,9.7,6.9,9.7,1.4,0.3,14.5,14.6,1.7,0.9,2.6,0.082,25.65,-1.9,-0.6,-2.4,-0.2
480,P.J. Tucker,PF,37,PHI,75,1920,5.7,0.566,0.622,0.102,5.9,12.1,9.1,3.9,1,0.7,15.8,6.5,0.9,1.7,2.5,0.064,25.6,-3.2,0.2,-3,-0.5
138,Jalen Duren,C,19,DET,67,1670,17.3,0.655,0.005,0.394,14.7,25.1,19.7,6.8,1.3,3.1,16.5,14.3,2.9,1.6,4.5,0.129,24.92537313,-0.4,-0.4,-0.8,0.5
483,Jonas Valančiūnas,C,30,NOP,79,1968,19.3,0.61,0.134,0.275,13,33.3,23.1,11.1,0.5,2.5,14.8,23.4,2.8,3,5.8,0.142,24.91139241,0,-0.4,-0.4,0.8
358,Aaron Nesmith,SF,23,IND,73,1816,10.5,0.566,0.532,0.241,3.8,13.1,8.5,7.4,1.4,1.6,10.3,16.8,0.9,1.1,2,0.052,24.87671233,-2.3,-0.7,-3,-0.4
194,Gary Harris,SG,28,ORL,48,1184,10.5,0.62,0.71,0.098,2,7.4,4.7,6.9,1.8,1,8,12.6,1.3,1.1,2.3,0.095,24.66666667,-1.4,0.7,-0.7,0.4
103,Torrey Craig,PF,32,PHO,79,1948,11.6,0.566,0.506,0.09,8.1,16.3,12.1,7.9,1.3,2.9,12.3,13,1.5,2.5,4,0.098,24.65822785,-1.3,0.7,-0.6,0.7
68,Troy Brown Jr.,SF,23,LAL,76,1860,9.6,0.561,0.604,0.084,3.7,13.7,8.9,6.6,1.5,0.7,9.2,12.1,1,2,2.9,0.075,24.47368421,-1.8,0.8,-1,0.5
532,Delon Wright,PG,30,WAS,50,1221,16.3,0.581,0.409,0.206,5.5,10.7,8.2,20.9,3.7,1.2,12.2,12.9,2.1,1.6,3.7,0.146,24.42,0.4,3.1,3.4,1.7
238,Reggie Jackson,PG,32,TOT,68,1657,10,0.514,0.45,0.122,1.7,8,4.9,20,1.4,0.3,14.6,20.8,-0.6,1.2,0.6,0.018,24.36764706,-2.9,-1.1,-3.9,-0.8
256,Tyus Jones,PG,26,MEM,80,1940,16,0.546,0.459,0.141,1.5,9.4,5.5,28.8,2,0.3,8.9,17.7,3.4,2.3,5.7,0.141,24.25,1.2,0.3,1.6,1.7
484,Jarred Vanderbilt,PF,23,UTA,52,1254,16,0.607,0.183,0.328,10.6,24.5,17.6,15.3,2,1,16,14.1,2.1,1.6,3.6,0.139,24.11538462,0,1.5,1.5,1.1
484,Jarred Vanderbilt,PF,23,TOT,78,1879,15.1,0.604,0.2,0.308,10,23.2,16.7,13.1,2.1,0.9,15.9,13.6,2.7,2.5,5.2,0.132,24.08974359,-0.6,1.6,1.1,1.5
323,Jalen McDaniels,SF,25,TOT,80,1913,11.8,0.557,0.376,0.224,3.6,16.3,9.9,9.6,2.1,1.6,12.1,17.2,0.5,2.2,2.7,0.068,23.9125,-2.7,0.6,-2.1,-0.1
296,Kevon Looney,C,26,GSW,82,1958,17.8,0.639,0.003,0.404,15.7,26.8,21.4,13.8,1.3,2.2,9.1,10.6,5.9,2.8,8.7,0.212,23.87804878,0.9,1.3,2.1,2
438,Collin Sexton,PG,24,UTA,48,1145,15.9,0.616,0.261,0.425,3.5,6.3,5,17.9,1.1,0.4,13.3,23.4,2,0.5,2.5,0.105,23.85416667,0.1,-1.5,-1.3,0.2
413,Josh Richardson,SG,29,SAS,42,997,13.6,0.556,0.51,0.148,3.2,10.1,6.5,19.3,1.9,0.9,12.7,20.5,0.6,0.4,1,0.047,23.73809524,-0.1,-1,-1.1,0.2
100,Pat Connaughton,SF,30,MIL,61,1443,10,0.531,0.765,0.097,3.8,16.2,10.2,6.9,1.2,0.6,7,13.8,0.7,1.8,2.5,0.085,23.6557377,-1.3,0.3,-1,0.3
19,Marvin Bagley III,C,23,DET,42,990,17.2,0.587,0.173,0.283,10.2,20.2,15.1,5.9,0.9,2.7,9.7,20.4,1.3,0.7,2,0.095,23.57142857,0.3,-1.2,-0.9,0.3
413,Josh Richardson,SG,29,TOT,65,1530,12.3,0.555,0.529,0.146,2.9,9.9,6.3,15.8,2.2,1.2,12.7,18.4,0.6,1.1,1.8,0.055,23.53846154,-1,-0.1,-1.2,0.3
461,Jalen Suggs,SG,21,ORL,53,1246,12.5,0.528,0.455,0.268,5,9.6,7.3,18,2.6,2.1,15.9,20.3,-0.2,1.5,1.4,0.053,23.50943396,-1.8,0.8,-1,0.3
86,Alex Caruso,PG,28,CHI,67,1575,11.5,0.588,0.528,0.255,3.1,10.9,7.1,15.4,3,2.8,19.5,11.1,1,2.6,3.6,0.109,23.50746269,-2.2,3.3,1.1,1.2
55,Malaki Branham,SG,19,SAS,66,1550,9.5,0.524,0.417,0.115,1.9,11.2,6.4,11.4,1,0.4,10.6,19.1,-0.4,0.2,-0.1,-0.004,23.48484848,-3,-2.1,-5.2,-1.3
508,Coby White,SG,22,CHI,74,1730,12.5,0.572,0.579,0.118,1.1,12.6,6.9,16.3,1.5,0.3,10.6,17.9,1.2,1.9,3.1,0.087,23.37837838,-1,0.2,-0.8,0.5
308,Naji Marshall,SF,25,NOP,77,1792,11.4,0.539,0.382,0.306,3,14.6,8.8,14.4,1.5,0.7,13,17.8,0.5,2,2.5,0.068,23.27272727,-1.9,0,-1.9,0.1
185,Rui Hachimura,PF,24,TOT,63,1466,13.2,0.556,0.274,0.204,4.1,16.5,10.5,5.8,0.6,1.5,7.7,20.2,0.6,1.3,1.8,0.06,23.26984127,-1.3,-1,-2.2,-0.1
496,Lonnie Walker IV,SG,24,LAL,56,1297,12.2,0.57,0.472,0.201,1.2,7.6,4.5,7,1.1,1.1,7.4,20.2,0.8,1,1.8,0.066,23.16071429,-0.9,-0.5,-1.4,0.2
372,Onyeka Okongwu,C,22,ATL,80,1849,19.4,0.678,0.026,0.394,12.7,21.5,17,5.8,1.4,4.9,12.2,15.1,4.7,2.4,7.1,0.185,23.1125,0,0.8,0.8,1.3
304,Terance Mann,SG,26,LAC,81,1872,13.4,0.619,0.378,0.225,4.7,11.8,8.3,14,1.1,1,12.2,15.3,2.8,1.5,4.3,0.111,23.11111111,-0.3,0.1,-0.2,0.8
294,Isaiah Livers,PF,24,DET,52,1199,8.4,0.567,0.705,0.135,2.5,11,6.6,4.8,1.1,2.1,9,11.9,0.5,0.5,1,0.041,23.05769231,-2.1,-0.3,-2.4,-0.1
265,Walker Kessler,C,21,UTA,74,1703,21.5,0.702,0.007,0.384,14.9,24.4,19.7,5.7,0.7,8.6,10.7,13.3,4.6,2.5,7.1,0.2,23.01351351,1.4,1.5,2.9,2.1
97,Zach Collins,C,25,SAS,63,1441,16.4,0.599,0.268,0.259,8.5,22.5,15.2,18,1.2,2.8,17.4,21.2,1.2,1,2.2,0.074,22.87301587,-0.5,0.3,-0.2,0.6
521,Kenrich Williams,PF,28,OKC,53,1206,14.4,0.585,0.387,0.113,8.5,14.9,11.6,11.7,1.8,1.1,8.1,13.7,2,1.3,3.3,0.133,22.75471698,0.1,0.4,0.5,0.8
228,Joe Ingles,SF,35,MIL,46,1044,10.7,0.616,0.819,0.085,1.4,11.1,6.4,18.4,1.5,0.5,17.6,12.6,1.1,1.2,2.3,0.107,22.69565217,-1.6,0.8,-0.7,0.3
423,Terrence Ross,SG,31,ORL,42,944,8.6,0.543,0.535,0.067,1.2,9,5.1,8.1,1.3,0.8,10.7,15.7,-0.1,0.7,0.6,0.032,22.47619048,-2.7,-0.4,-3.1,-0.3
83,Jevon Carter,PG,27,MIL,81,1810,10.9,0.56,0.596,0.067,2.1,9.3,5.8,14.5,1.7,1.3,11.8,15.3,1.2,2.3,3.5,0.092,22.34567901,-1.9,1.2,-0.6,0.6
342,Malik Monk,SG,24,SAC,77,1719,16.6,0.587,0.5,0.26,2.1,11.3,6.7,25,1.4,1,14.1,25.8,2.1,1.2,3.2,0.091,22.32467532,1.6,-1.4,0.3,1
264,Luke Kennard,SG,26,TOT,59,1315,13,0.684,0.704,0.102,1.2,11.8,6.6,9.4,1.2,0.3,10.3,14.5,2.2,1.2,3.4,0.124,22.28813559,0.6,-0.1,0.5,0.8
441,Shaedon Sharpe,SG,19,POR,80,1779,11.5,0.568,0.437,0.162,4,11.3,7.6,7.9,1,1.2,10.7,19,0.6,0.6,1.2,0.032,22.2375,-1.3,-2,-3.3,-0.6
399,Taurean Prince,PF,28,MIN,54,1192,10,0.597,0.512,0.203,1.4,10.8,6.2,9.6,1.1,1.1,14.3,17.3,0.3,1,1.3,0.052,22.07407407,-2.6,-0.6,-3.3,-0.4
72,Alec Burks,SG,31,DET,51,1122,16.5,0.602,0.521,0.41,1.8,14.2,7.8,15.9,1.6,0.6,9.7,22.8,1.9,0.6,2.5,0.109,22,1.8,-0.5,1.2,0.9
33,Nicolas Batum,PF,34,LAC,78,1709,11,0.594,0.832,0.126,4.1,15.4,9.8,9.4,1.5,2.3,11.1,11.5,1.7,1.9,3.6,0.101,21.91025641,-0.8,1.2,0.5,1
5,Santi Aldama,PF,22,MEM,77,1682,13.9,0.591,0.507,0.274,5.4,18,11.7,7.6,1.3,2.6,9.3,16,2.1,2.4,4.6,0.13,21.84415584,-0.3,0.8,0.5,1.1
373,Isaac Okoro,SF,22,CLE,76,1652,10.7,0.614,0.483,0.291,3.7,9.6,6.7,7,1.7,1.7,9.5,11.9,1.9,2.3,4.2,0.122,21.73684211,-1.9,1.6,-0.3,0.7
32,Keita Bates-Diop,PF,27,SAS,67,1452,14.9,0.609,0.305,0.323,4.7,14.3,9.3,9.8,1.5,1.1,9.5,16.7,2.1,0.6,2.7,0.089,21.67164179,0.3,-0.9,-0.6,0.5
139,Tari Eason,PF,21,HOU,82,1767,15.2,0.525,0.261,0.22,12,18.9,15.4,7.4,2.6,2.6,12.2,19.3,0.9,1.7,2.6,0.07,21.54878049,-1.3,-0.4,-1.7,0.1
47,Bol Bol,PF,23,ORL,70,1505,14.4,0.603,0.236,0.226,5.2,25.3,15.2,6.9,1,5.5,17.6,18.2,0,2.2,2.3,0.072,21.5,-1.8,0.9,-0.9,0.4
9,Jose Alvarado,PG,24,NOP,61,1310,11.8,0.525,0.505,0.164,2.4,9.8,6.1,19.9,2.5,0.7,13.4,19.8,0.1,1.7,1.8,0.066,21.47540984,-2,0.7,-1.2,0.3
356,Larry Nance Jr.,C,30,NOP,65,1381,16,0.649,0.138,0.259,8.7,20.3,14.5,11.7,2,2.6,11,11.9,2.8,2.1,4.9,0.171,21.24615385,0,2,2,1.4
423,Terrence Ross,SG,31,TOT,63,1330,10.2,0.544,0.555,0.073,1.8,11.2,6.5,10.2,1.3,0.7,8.2,16.8,0.5,1.2,1.6,0.059,21.11111111,-1.8,-0.3,-2.1,0
277,Jonathan Kuminga,PF,20,GSW,67,1394,13.3,0.597,0.294,0.278,5.6,12.5,9.1,12.7,1.4,2,14.6,19.6,1,1.4,2.4,0.084,20.80597015,-1.7,-0.1,-1.7,0.1
273,John Konchar,SF,26,MEM,72,1494,10.8,0.542,0.553,0.113,4.5,17.4,11,8.2,2.4,1.5,9.9,10.4,1,2.5,3.5,0.111,20.75,-1.9,2.4,0.5,0.9
1,Precious Achiuwa,C,23,TOR,55,1140,15.2,0.554,0.267,0.307,9.3,24.4,16.3,6.3,1.3,2.6,11.4,19.4,0.8,1.4,2.2,0.093,20.72727273,-1.4,-0.8,-2.3,-0.1
195,Joe Harris,SF,31,BRK,74,1527,10.6,0.621,0.757,0.064,1.7,10.1,6,9.1,1.1,0.7,8.3,14.3,1.5,1.1,2.6,0.083,20.63513514,-0.6,-0.6,-1.1,0.3
334,Shake Milton,SG,26,PHI,76,1567,12.7,0.575,0.294,0.231,3,11.3,7.2,22.3,0.8,0.8,14.5,18.5,1.6,1.2,2.9,0.087,20.61842105,-1,-0.9,-2,0
156,Daniel Gafford,C,24,WAS,78,1604,19.7,0.739,0,0.473,11.7,18,15,7.5,1,5.2,15.1,15.2,4.2,1.9,6.1,0.184,20.56410256,0.4,0.6,1,1.2
324,Doug McDermott,SF,31,SAS,64,1314,11.2,0.59,0.57,0.134,1.9,9.9,5.8,9.8,0.5,0.4,9.5,19.2,1,0,1,0.035,20.53125,-0.7,-2.5,-3.2,-0.4
4,Ochai Agbaji,SG,22,UTA,59,1209,9.5,0.561,0.591,0.179,3.9,6.9,5.4,7.5,0.6,1,9,15.8,0.9,0.4,1.3,0.053,20.49152542,-1.7,-1.4,-3,-0.3
285,Damion Lee,SG,30,PHO,74,1506,10.7,0.607,0.546,0.23,2.8,14,8.3,8.9,1,0.4,13.5,16.3,1.1,1.4,2.6,0.081,20.35135135,-1.3,-0.4,-1.7,0.1
321,T.J. McConnell,PG,30,IND,75,1526,16.8,0.59,0.113,0.131,3.3,13.7,8.5,37.9,2.5,0.6,20.6,19.1,1.9,1.2,3.1,0.098,20.34666667,0.4,0.1,0.5,1
144,Drew Eubanks,C,25,POR,78,1584,16.2,0.666,0.054,0.374,9.5,20.9,15.2,9.2,1.2,5.7,14.7,12.5,2.9,1.6,4.4,0.134,20.30769231,-0.9,0.9,0.1,0.8
490,Dean Wade,PF,26,CLE,44,891,8.5,0.55,0.718,0.13,2.6,17.2,9.9,5.4,1.6,2.2,8.3,10.2,0.4,1.4,1.8,0.097,20.25,-2.9,2.1,-0.7,0.3
218,Talen Horton-Tucker,SG,22,UTA,65,1313,13.7,0.508,0.331,0.274,3.4,13.7,8.6,27.4,1.5,1.9,15.5,25.9,-0.3,1.1,0.8,0.029,20.2,-1.1,-0.5,-1.6,0.2
381,Cameron Payne,PG,28,PHO,48,968,13.2,0.512,0.408,0.141,1.3,11,6.1,32.6,1.7,0.7,14.4,24.8,0,1,1.1,0.053,20.16666667,-0.5,-0.7,-1.2,0.2
378,Cedi Osman,SF,27,CLE,77,1548,12,0.579,0.589,0.204,1.9,11.5,6.7,10.6,1.1,0.7,8.3,18.2,1.4,1.9,3.3,0.103,20.1038961,-0.8,0.2,-0.7,0.5
51,Chris Boucher,PF,30,TOR,76,1523,18,0.59,0.357,0.318,10.9,21.2,15.7,2.7,1.5,4.1,6.4,18,3,2,5,0.156,20.03947368,0.7,-0.8,-0.1,0.7
299,Kevin Love,PF,34,TOT,62,1240,13.1,0.548,0.698,0.215,5.5,32.6,18.9,13.2,0.6,0.9,13.1,19.2,0.6,2,2.6,0.099,20,0.2,0.4,0.6,0.8
107,Seth Curry,SG,32,BRK,61,1211,12.3,0.593,0.517,0.122,1.2,7.9,4.6,11.9,1.5,0.5,9.7,19.2,0.9,0.9,1.8,0.07,19.85245902,-1.2,-0.9,-2.1,0
200,Isaiah Hartenstein,C,24,NYK,82,1626,14.2,0.567,0.113,0.217,14.1,22.2,18.1,8.3,1.6,3.7,15.6,11.2,2.2,2.4,4.6,0.136,19.82926829,-1.5,1.2,-0.3,0.7
258,Cory Joseph,PG,31,DET,62,1227,12.1,0.558,0.513,0.205,1.8,7.9,4.8,25.4,1.3,0.6,12.8,15.2,1.5,0.3,1.8,0.07,19.79032258,-0.7,-0.8,-1.5,0.2
281,Romeo Langford,SG,23,SAS,43,844,10.4,0.524,0.236,0.216,7.1,7.7,7.4,7.9,1.3,1.3,9.6,15.4,0.3,0.2,0.5,0.029,19.62790698,-2.6,-1.5,-4.2,-0.5
414,Austin Rivers,SG,30,MIN,52,1016,7.4,0.564,0.589,0.187,0.6,8.4,4.6,9.3,1.3,0.3,9.2,10.5,0.5,0.8,1.3,0.061,19.53846154,-3.3,0.5,-2.8,-0.2
225,Bones Hyland,PG,22,DEN,42,820,14.5,0.54,0.555,0.189,1.4,10.4,6,22,1.7,1.4,12.5,28.5,0.1,0.8,0.9,0.051,19.52380952,0.6,-1.4,-0.8,0.3
134,Chris Duarte,SF,25,IND,46,897,8.6,0.496,0.523,0.216,2.4,11.9,7.1,9.7,1.3,0.9,10.1,19,-0.5,0.4,0,-0.003,19.5,-2.9,-1.6,-4.5,-0.6
180,Jeff Green,PF,36,DEN,56,1091,11,0.576,0.317,0.357,4.1,10.9,7.6,8.3,0.8,1.4,10.8,17,0.8,0.8,1.7,0.074,19.48214286,-2.4,-1,-3.4,-0.4
92,Brandon Clarke,PF,26,MEM,56,1090,20,0.682,0.017,0.393,9,21.2,15.1,9.5,1.5,3.1,11.8,17.7,2.7,1.8,4.5,0.199,19.46428571,0.8,1.8,2.5,1.3
182,AJ Griffin,SF,19,ATL,72,1401,12.6,0.577,0.486,0.088,2.9,9.2,6,7,1.4,0.7,7.1,17.9,1.3,0.9,2.2,0.075,19.45833333,-0.3,-0.5,-0.8,0.4
492,Moritz Wagner,C,25,ORL,57,1109,17.4,0.63,0.412,0.46,7,19.4,13.2,11.5,1.6,1.1,12.5,21.1,2.1,1.3,3.4,0.149,19.45614035,0.4,0.2,0.6,0.7
302,Théo Maledon,PG,21,CHO,44,854,11.6,0.515,0.374,0.291,1.7,13.9,7.7,24.2,2.1,1.2,17.1,17,0,0.9,0.8,0.047,19.40909091,-3,0.5,-2.5,-0.1
360,Georges Niang,PF,29,PHI,78,1512,10.9,0.61,0.765,0.09,1.5,12.8,7.2,7.3,1,0.9,9.4,17,1.1,1.4,2.5,0.078,19.38461538,-0.4,-1,-1.4,0.2
225,Bones Hyland,PG,22,TOT,56,1085,14.9,0.535,0.552,0.179,2.1,11.8,7.1,23.4,1.8,1.2,11.7,28,0.3,1.1,1.4,0.062,19.375,0.4,-1.2,-0.8,0.3
474,Xavier Tillman Sr.,C,24,MEM,61,1180,17.3,0.621,0.049,0.291,10.9,16.7,13.8,10.9,2.3,2.2,11.3,13.7,2.3,1.9,4.2,0.171,19.3442623,0.3,1.7,1.9,1.2
279,Anthony Lamb,SF,25,GSW,62,1195,10.9,0.61,0.634,0.191,5.3,14.4,9.9,10.5,1.1,1.5,13.7,13.8,1.2,1.2,2.4,0.096,19.27419355,-1.6,0.4,-1.1,0.3
530,James Wiseman,C,21,TOT,45,867,15.6,0.589,0.059,0.286,9.2,25.2,17,5.5,0.4,2.7,11.8,21.2,0.7,0.7,1.4,0.077,19.26666667,-2.1,-1.4,-3.5,-0.3
364,Jaylen Nowell,SG,23,MIN,65,1252,13.7,0.527,0.371,0.158,3.3,11.7,7.6,15.9,1.6,0.3,8.9,25,0,1.2,1.2,0.046,19.26153846,-1.5,-1,-2.5,-0.2
522,Mark Williams,C,21,CHO,43,828,19.8,0.659,0,0.386,11.7,27.7,19.6,3.3,1.6,4.7,12,17,1.5,1.3,2.8,0.163,19.25581395,-0.5,0.6,0.1,0.4
395,Dwight Powell,C,31,DAL,76,1458,15.5,0.738,0.019,0.625,11.8,13.3,12.5,6.9,1.6,1.6,15.9,12.6,3.8,1.3,5.1,0.168,19.18421053,-1.2,0,-1.2,0.3
368,Jordan Nwora,SF,24,TOT,62,1188,12.2,0.561,0.474,0.193,4.7,15.8,10.4,10.5,1,1,12,19.4,0.5,1,1.5,0.06,19.16129032,-0.8,-1.3,-2.1,0
241,Isaiah Joe,SG,23,OKC,73,1395,14.5,0.626,0.776,0.197,2,11.6,6.7,8.7,1.6,0.5,6.6,17.7,2.5,1.3,3.8,0.131,19.10958904,1.3,-0.4,0.9,1
504,Trendon Watford,PF,22,POR,62,1182,13.6,0.625,0.198,0.31,4.1,19.2,11.6,16,1.3,0.9,16.2,16.1,1.3,0.7,2.1,0.084,19.06451613,-1.4,-0.4,-1.8,0.1
418,Jeremiah Robinson-Earl,PF,22,OKC,43,814,13,0.548,0.448,0.169,9.2,14.7,11.9,7,1.4,1.2,6.7,14.6,1.1,0.8,1.9,0.111,18.93023256,-0.8,-0.7,-1.5,0.1
454,Jalen Smith,C,22,IND,68,1279,15.9,0.565,0.376,0.27,11.2,22.9,17.1,7.6,0.8,4,11.2,21,1.1,1.1,2.3,0.085,18.80882353,-0.9,-1.1,-2.1,0
371,Josh Okogie,SG,24,PHO,72,1350,13.3,0.531,0.476,0.464,8.8,11.9,10.3,10.3,2,2.3,11.2,17.7,1.1,1.7,2.8,0.101,18.75,-0.8,0.5,-0.2,0.6
412,Nick Richards,C,25,CHO,65,1217,18.3,0.676,0.003,0.585,12.6,24,18.2,4.5,0.4,5.1,13,15.6,2.7,1.5,4.2,0.165,18.72307692,-1,-0.2,-1.3,0.2
519,Jaylin Williams,C,20,OKC,49,914,11.2,0.559,0.483,0.231,5.1,23.6,14.1,10.7,1.5,1.2,12.6,13.5,0.7,1.2,1.9,0.099,18.65306122,-2.3,0.6,-1.7,0.1
512,Aaron Wiggins,SG,24,OKC,70,1297,12.2,0.607,0.336,0.196,5.5,12,8.7,8.3,1.4,1.1,12.2,14.5,1.4,1.2,2.6,0.097,18.52857143,-1.5,-0.5,-2.1,0
410,Naz Reid,C,23,MIN,68,1251,18.5,0.617,0.376,0.22,6.6,22.8,14.9,9.6,1.6,3.7,12.7,24.8,1.1,1.9,3,0.114,18.39705882,0.3,0.8,1,1
171,Devonte' Graham,PG,27,TOT,73,1338,12.5,0.552,0.784,0.304,1.6,8.7,5.1,19.4,1.6,1.1,9.8,17.1,1.5,1,2.5,0.091,18.32876712,0.1,-0.2,-0.1,0.6
70,Thomas Bryant,C,25,TOT,59,1081,19.7,0.682,0.16,0.341,8.9,24.6,17,4.3,0.7,2.4,8.2,18.2,2.7,1.4,4.1,0.183,18.3220339,1.1,-0.5,0.6,0.7
240,Ty Jerome,SG,25,GSW,45,816,12.8,0.594,0.372,0.169,1,9.4,5.3,22.1,1.3,0.5,10.3,14.9,1.4,0.7,2.1,0.124,18.13333333,-1.1,0.3,-0.8,0.3
211,George Hill,PG-SG,36,TOT,46,834,10.6,0.61,0.572,0.331,2,8.6,5.4,16.7,1.5,0.6,15.2,11.3,1.1,0.8,1.9,0.107,18.13043478,-2.4,0.9,-1.5,0.1
337,Davion Mitchell,PG,24,SAC,80,1447,9.4,0.545,0.494,0.078,1.3,7,4.1,16.5,1.5,0.9,13.1,14.1,0.7,0.8,1.5,0.05,18.0875,-2.4,-0.4,-2.8,-0.3
293,Nassir Little,SF,22,POR,54,976,10.2,0.555,0.521,0.152,3.2,13.5,8.3,7.3,1,1.8,10,16,0.2,0.4,0.7,0.032,18.07407407,-1.6,-1.4,-3,-0.3
458,Lamar Stevens,SF,25,CLE,62,1120,9.5,0.524,0.33,0.198,5,16.7,10.9,4,1.2,1.6,7.9,13.6,0.3,1.6,1.9,0.08,18.06451613,-3,0.2,-2.8,-0.2
420,David Roddy,PF,21,MEM,70,1258,8.8,0.519,0.505,0.155,4.2,12,8.1,6.1,1.1,1.4,11.3,16.7,-0.3,1.4,1.1,0.043,17.97142857,-3.2,-0.7,-3.9,-0.6
210,Haywood Highsmith,PF,26,MIA,54,969,8.5,0.517,0.505,0.13,6.7,16.4,11.4,6.2,1.9,1.8,16.5,12.5,-0.3,1.3,0.9,0.046,17.94444444,-3.7,0.7,-3.1,-0.3
168,Jordan Goodwin,PG,24,WAS,62,1106,14.8,0.531,0.334,0.195,6,14.3,10.3,20.8,2.6,2,12.9,17.3,0.9,1.3,2.2,0.097,17.83870968,-0.7,1.4,0.7,0.8
120,Hamidou Diallo,SF,24,DET,56,996,15.7,0.593,0.056,0.395,6.2,15.7,10.8,9.2,2.6,1.4,13.9,21.8,0.4,0.9,1.3,0.063,17.78571429,-1.8,0.4,-1.4,0.1
30,Will Barton,SG,32,TOT,56,993,10,0.493,0.495,0.129,1.7,13.5,7.7,15.4,1.4,1.1,11.1,18.9,-0.4,0.8,0.4,0.021,17.73214286,-2,-0.6,-2.6,-0.2
109,Dyson Daniels,PG,19,NOP,59,1042,8.8,0.503,0.413,0.192,3.9,16.5,10.2,16.4,2,1,20.2,11.6,-0.1,1.4,1.3,0.061,17.66101695,-3.4,1.6,-1.8,0
305,Tre Mann,PG,21,OKC,67,1183,10,0.492,0.513,0.11,2.4,11.8,7,14,1.6,0.9,10.6,20.7,-0.6,1.1,0.5,0.021,17.65671642,-3,-1,-3.9,-0.6
326,Bryce McGowens,SG,20,CHO,46,787,7.2,0.519,0.396,0.396,2.7,10.1,6.3,9.1,0.9,0.7,15.3,15,-0.4,0.4,0.1,0.005,17.10869565,-4.6,-1.4,-6,-0.8
473,Matisse Thybulle,SF-SG,25,TOT,71,1200,10.5,0.552,0.585,0.111,3.9,9.7,6.8,5.9,3.4,2.4,8.3,10.6,0.6,1.5,2.1,0.086,16.90140845,-2.7,2.2,-0.5,0.4
301,Trey Lyles,PF,27,SAC,74,1247,14.2,0.607,0.588,0.304,6.3,21.1,13.7,7,1,2.2,12.2,18.1,1.4,1.2,2.6,0.098,16.85135135,0,-0.9,-1,0.3
59,Oshae Brissett,PF,24,IND,65,1083,10.6,0.52,0.486,0.455,6.4,16,11.2,5.4,1.4,1,8.2,16.1,0.4,0.7,1.1,0.05,16.66153846,-2,-1.2,-3.2,-0.3
470,Cam Thomas,SG,21,BRK,57,948,14.7,0.567,0.292,0.382,1,10.1,5.6,12.7,1,0.6,10.6,27.8,0.3,0.7,1,0.049,16.63157895,-0.7,-2,-2.7,-0.2
234,Isaiah Jackson,C,21,IND,63,1042,17.5,0.595,0.044,0.459,12.1,18,15,7,1.4,7.7,11.8,17.4,1.5,1.2,2.7,0.124,16.53968254,-1.7,0.9,-0.8,0.3
415,Duncan Robinson,SF,28,MIA,42,691,7.8,0.534,0.81,0.135,1.3,10.7,5.9,9.7,1,0,10,17.9,-0.1,0.6,0.5,0.035,16.45238095,-3.5,-1.5,-5,-0.5
498,T.J. Warren,PF-SF,29,TOT,42,687,13.5,0.55,0.248,0.13,4.2,15.4,9.8,8.7,1.6,1.5,6.5,19.5,0.4,0.8,1.2,0.081,16.35714286,-1.7,-0.2,-2,0
102,Robert Covington,PF,32,LAC,48,779,14.2,0.584,0.594,0.175,4.5,19.2,11.9,10.2,2.4,3.7,11.5,15.6,0.7,1.2,1.9,0.117,16.22916667,-0.5,2.1,1.7,0.7
202,Sam Hauser,SF,25,BOS,80,1290,12.7,0.634,0.846,0.043,3,14.1,8.6,7.6,1.1,1.4,6.9,14.7,1.8,1.6,3.4,0.128,16.125,0.6,0.4,1,1
361,Daishen Nix,PG,20,HOU,57,914,5.3,0.447,0.591,0.152,2.1,9.7,5.9,19.2,1.6,0.7,25.4,15.4,-1.5,0.3,-1.2,-0.062,16.03508772,-5,-1.5,-6.5,-1
502,Yuta Watanabe,SF,28,BRK,58,928,12.1,0.637,0.582,0.203,3.7,13.1,8.5,7,1.3,1.6,8,13.1,1.3,0.9,2.1,0.111,16,-0.4,-0.2,-0.6,0.3
188,R.J. Hampton,SG,21,TOT,47,750,10.8,0.558,0.489,0.321,2.6,10.5,6.5,10.4,1.7,1.1,13.4,17.8,0.1,0.5,0.7,0.042,15.95744681,-2.3,-0.6,-2.9,-0.2
220,Caleb Houstan,SF,20,ORL,51,812,6.2,0.508,0.747,0.099,4.7,9.1,6.9,4.9,0.7,0.8,8.7,11,0.1,0.5,0.7,0.039,15.92156863,-3.1,-0.9,-4,-0.4
315,Wesley Matthews,SF,36,MIL,52,820,7,0.519,0.775,0.175,4.5,9.7,7.2,5.1,1.2,1.3,9.5,9.8,0.3,0.9,1.2,0.073,15.76923077,-3.4,0.8,-2.7,-0.1
328,Jordan McLaughlin,PG,26,MIN,43,678,11.8,0.526,0.538,0.124,2.5,7.6,5.1,27.4,2.2,0.5,17.7,11.7,0.7,0.6,1.3,0.094,15.76744186,-1.3,0.6,-0.7,0.2
22,Mo Bamba,C,24,TOT,49,769,15.7,0.602,0.515,0.257,8.5,24.2,16.4,8.7,0.8,5.3,10.1,16.6,1.1,1.1,2.2,0.139,15.69387755,-0.2,0.7,0.5,0.5
476,Obi Toppin,PF,24,NYK,67,1050,13.6,0.565,0.589,0.112,3,16.6,9.8,9.2,1.1,1.1,8,19.5,1.1,1,2.1,0.095,15.67164179,0.3,-0.8,-0.5,0.4
448,Jericho Sims,C,24,NYK,52,812,13.8,0.78,0.009,0.15,13.3,19.4,16.4,4,0.9,3.2,19.1,7.4,1.6,0.9,2.6,0.153,15.61538462,-1,0.5,-0.5,0.3
57,Christian Braun,SG,21,DEN,76,1181,10.3,0.568,0.332,0.221,4.8,12.6,8.8,6.4,1.7,1.3,9.9,13,0.7,1.2,1.9,0.079,15.53947368,-2.5,0.1,-2.4,-0.1
132,Goran Dragić,PG,36,CHI,51,787,10.2,0.514,0.428,0.137,1.9,7.9,5,24.7,0.7,0.5,15,21,-0.2,0.6,0.4,0.023,15.43137255,-2.1,-1.6,-3.7,-0.3
303,Sandro Mamukelashvili,C,23,TOT,43,660,13.4,0.516,0.43,0.248,11.2,19,15.1,12.8,1,1.5,12.1,18.2,0.4,0.5,0.9,0.063,15.34883721,-1.1,-1.3,-2.4,-0.1
215,Justin Holiday,SF,33,TOT,46,706,6.6,0.494,0.701,0.039,0.8,8.1,4.4,7.5,1.3,2.3,9.6,14.1,-0.4,0.5,0.1,0.008,15.34782609,-3.7,-0.1,-3.9,-0.3
171,Devonte' Graham,PG,27,NOP,53,811,11.8,0.545,0.823,0.255,1.7,8.4,5,18.7,1.8,1.2,9.5,15,0.9,0.9,1.8,0.105,15.30188679,-0.4,0.6,0.2,0.4
493,Ish Wainright,SF,28,PHO,60,915,9.2,0.522,0.762,0.137,5.3,11.6,8.4,7.4,2,2.2,8.4,12.2,0.5,1.2,1.7,0.089,15.25,-2.7,1.5,-1.2,0.2
271,Kevin Knox,SF-PF,23,TOT,63,952,11.1,0.579,0.56,0.181,3.9,17.3,10.5,5.2,1.2,1.1,12.2,18.4,0.2,0.5,0.7,0.034,15.11111111,-2.1,-1.4,-3.5,-0.4
155,Wenyen Gabriel,C,25,LAL,68,1024,14.4,0.626,0.138,0.323,12.6,17.2,15,4.8,1.2,2.9,13.4,14.1,1.5,1.3,2.8,0.132,15.05882353,-2.3,0.1,-2.2,-0.1
132,Goran Dragić,PG,36,TOT,58,870,10.3,0.514,0.433,0.134,2.1,8.2,5.2,24.3,0.7,0.4,15.1,21.1,-0.3,0.7,0.4,0.025,15,-2.1,-1.8,-3.9,-0.4
354,Mike Muscala,C,31,TOT,63,945,13,0.608,0.709,0.178,4.2,19.1,11.6,7.1,0.8,2.3,6.8,15.1,1.4,1.1,2.5,0.128,15,-0.3,-0.1,-0.4,0.4
6,Nickeil Alexander-Walker,SG,24,TOT,59,884,11.6,0.565,0.539,0.203,1.9,10.5,6.3,16.7,1.7,2,14.6,17.9,0.3,0.8,1.1,0.062,14.98305085,-1.4,0.4,-0.9,0.2
244,Jalen Johnson,SF,21,ATL,70,1042,14.1,0.554,0.323,0.242,5.3,24.6,14.8,10.4,1.7,2.8,10.3,16,0.8,1.3,2.1,0.099,14.88571429,-1.2,1.5,0.3,0.6
80,Vlatko Čančar,PF,25,DEN,60,889,11,0.606,0.507,0.181,3.2,13.1,8.3,11.5,1.2,1.4,13.1,13.8,0.9,0.8,1.7,0.093,14.81666667,-1.7,-0.1,-1.8,0
191,Jaden Hardy,SG,20,DAL,48,708,14.6,0.571,0.468,0.237,1.8,13,7.3,14.9,1.2,0.9,11.1,26.4,0.2,0.5,0.7,0.048,14.75,-0.4,-1.9,-2.3,0
148,Simone Fontecchio,SF,27,UTA,52,766,8,0.495,0.612,0.141,4.4,7.7,6.1,7.5,0.9,0.9,10.5,20.2,-0.4,0.3,-0.1,-0.004,14.73076923,-3,-2.1,-5.2,-0.6
535,Thaddeus Young,PF,34,TOR,54,795,14.1,0.573,0.172,0.131,9.4,14.6,11.8,12.9,3.4,0.6,16.7,13.5,0.7,1.1,1.8,0.109,14.72222222,-1.8,1.9,0.1,0.4
206,Juancho Hernangómez,PF,27,TOR,42,614,7.6,0.504,0.588,0.14,4.6,19.1,11.3,5.2,1.3,0.9,11,9.4,0.1,0.6,0.7,0.053,14.61904762,-3.5,0.2,-3.3,-0.2
160,Rudy Gay,PF,36,UTA,56,816,9,0.475,0.453,0.171,4.4,17,10.8,9.4,1.1,1.9,10.7,17.7,-0.4,0.7,0.3,0.018,14.57142857,-3.6,-0.4,-4,-0.4
354,Mike Muscala,C,31,OKC,43,622,13.8,0.602,0.7,0.192,3.9,19.7,11.6,8.2,0.8,2.8,6,15.7,1,0.7,1.7,0.134,14.46511628,0.3,-0.1,0.1,0.3
219,Danuel House Jr.,SF,29,PHI,56,807,9.4,0.6,0.558,0.305,1.3,12.2,6.9,7.5,0.9,1,10.4,13.8,0.6,0.7,1.3,0.075,14.41071429,-2.5,-0.5,-3,-0.2
43,Bismack Biyombo,C,30,PHO,61,874,14.4,0.555,0,0.34,11,22.1,16.5,8.7,1,9,17.7,14,0.2,1.6,1.9,0.102,14.32786885,-3.4,2.5,-0.9,0.2
34,Darius Bazley,C,22,TOT,43,616,13.1,0.524,0.29,0.383,5.8,18.5,12.1,8.3,1.7,5.1,11.2,16.4,0.1,0.9,1,0.078,14.3255814,-2,1,-1,0.2
280,Jock Landale,C,27,PHO,69,979,16.4,0.595,0.249,0.312,13.2,18.6,15.8,10.1,0.8,2.7,13.3,19.3,1.5,1.2,2.7,0.132,14.1884058,-0.7,-0.4,-1.1,0.2
430,Dario Šarić,PF-C,28,TOT,57,806,13.5,0.583,0.415,0.274,7.1,21.4,14.1,12.7,1.2,0.8,15.1,19.2,0.7,1,1.7,0.099,14.14035088,-1.5,0.1,-1.4,0.1
271,Kevin Knox,SF,23,DET,42,593,10.3,0.612,0.648,0.184,3.6,17,10.1,3.7,1.1,1.8,14.2,16.2,0.2,0.3,0.5,0.043,14.11904762,-2.1,-0.6,-2.8,-0.1
472,JT Thor,PF,20,CHO,69,969,7,0.506,0.517,0.197,3.9,13,8.4,4.9,1.1,2.1,14.5,13.1,-0.6,0.8,0.2,0.009,14.04347826,-4.3,-0.4,-4.7,-0.7
178,JaMychal Green,PF,32,GSW,57,797,15.5,0.65,0.44,0.266,10.1,18,14.1,8.9,1.5,2.5,15.6,17.5,1.2,1,2.2,0.133,13.98245614,-0.7,0.2,-0.5,0.3
252,Derrick Jones Jr.,PF,25,CHI,64,893,13.8,0.597,0.348,0.365,7.7,11.6,9.7,5.1,1.6,4,8.6,14.5,1.2,1.2,2.4,0.131,13.953125,-1.2,0.8,-0.4,0.3
462,Edmond Sumner,SG,27,BRK,53,736,14,0.597,0.323,0.401,2,9.9,6,13.3,2.1,1.2,13.6,22.1,0.6,0.7,1.3,0.086,13.88679245,-2.4,-0.2,-2.6,-0.1
272,Christian Koloko,C,22,TOR,58,802,11.4,0.517,0.08,0.393,11.1,13.3,12.1,5,1.3,6.9,10.2,10.4,0.7,1,1.7,0.104,13.82758621,-4.3,0.8,-3.5,-0.3
366,Kendrick Nunn,SG,27,TOT,70,964,11.1,0.53,0.496,0.091,1.8,10.3,6.2,13.8,1.4,0.6,12.4,23.7,-0.6,0.8,0.2,0.008,13.77142857,-2,-1.5,-3.5,-0.4
362,Zeke Nnaji,PF,22,DEN,53,728,12.5,0.62,0.332,0.316,10.5,11.2,10.9,3.3,1.1,2.8,12.2,15.2,0.9,0.7,1.6,0.106,13.73584906,-2.7,-0.9,-3.7,-0.3
37,MarJon Beauchamp,SF,22,MIL,52,701,8.2,0.513,0.584,0.152,5.9,11,8.5,6.7,1.4,0.8,14.8,18.3,-0.4,0.8,0.4,0.027,13.48076923,-4.1,-0.6,-4.8,-0.5
477,Juan Toscano-Anderson,SF,29,TOT,52,700,7.2,0.505,0.301,0.168,4.4,14.4,9.5,11.8,1.1,1.2,18.1,11.3,-0.1,0.6,0.5,0.038,13.46153846,-4.6,0.8,-3.8,-0.3
213,Aaron Holiday,PG,26,ATL,63,845,9.4,0.528,0.4,0.145,3.2,6.4,4.8,13,2.1,1.2,13.3,13.4,0.3,0.6,0.9,0.053,13.41269841,-2.9,0.9,-2,0
400,Payton Pritchard,PG,25,BOS,48,643,10.3,0.536,0.629,0.065,4.3,10.5,7.5,14,1.1,0.1,13.7,19.8,-0.1,0.7,0.6,0.045,13.39583333,-2.1,-1.2,-3.4,-0.2
313,Garrison Mathews,SG,26,HOU,45,602,9.1,0.564,0.912,0.265,1.8,9.6,5.7,5.1,1.9,0.6,8.7,14.3,0.5,0.2,0.7,0.058,13.37777778,-2.3,-0.2,-2.5,-0.1
112,Terence Davis,SG,25,SAC,64,841,12.9,0.563,0.668,0.118,2.7,16.1,9.4,11.1,2.4,1.2,12.2,22.2,0,0.9,0.9,0.054,13.140625,-1.3,-0.3,-1.5,0.1
147,Malachi Flynn,PG,24,TOR,53,691,8.7,0.479,0.55,0.136,2.3,10.8,6.2,13.7,1.5,0.6,8.9,17.4,0,0.5,0.5,0.034,13.03773585,-3.3,-0.8,-4.1,-0.4
203,Jaxson Hayes,C,22,NOP,47,610,13.7,0.605,0.186,0.532,7.3,17.3,12.3,7.7,1.6,3,13.9,15.7,0.6,0.9,1.5,0.118,12.9787234,-2.2,1,-1.2,0.1
343,Moses Moody,SG,20,GSW,63,817,10.3,0.603,0.595,0.233,3.8,10.2,7.1,8.2,1,0.8,12,14.6,0.7,0.6,1.3,0.076,12.96825397,-1.7,-0.9,-2.6,-0.1
158,Usman Garuba,C,20,HOU,75,970,12.9,0.569,0.333,0.266,13.4,21.4,17.4,8.8,2.2,2.9,19.2,10.5,0.9,0.9,1.8,0.091,12.93333333,-2,0.6,-1.4,0.2
365,Frank Ntilikina,SG,24,DAL,47,607,5.2,0.461,0.508,0.25,1.3,10.7,5.9,12.8,1.3,1,16.5,13.1,-0.5,0.4,-0.1,-0.01,12.91489362,-6.1,-0.7,-6.7,-0.7
313,Garrison Mathews,SG,26,TOT,54,686,9.7,0.573,0.896,0.264,1.7,10,5.8,5.1,1.7,0.7,7.8,14.7,0.7,0.3,1,0.067,12.7037037,-2,-0.4,-2.4,-0.1
133,Andre Drummond,C,29,CHI,67,849,20.8,0.606,0.011,0.456,18.7,40.2,29.6,5.7,2.6,3.1,18.6,21,0.8,2,2.8,0.159,12.67164179,-1.2,0.5,-0.8,0.3
95,Amir Coffey,SF,25,LAC,50,625,7,0.498,0.276,0.434,3.1,6.4,4.7,11.2,0.5,0.7,10.8,13.5,0.1,0.3,0.4,0.033,12.5,-4.3,-0.7,-5,-0.5
91,Josh Christopher,SG,21,HOU,64,786,11.5,0.523,0.271,0.182,2.8,7.2,5,14.3,2,1.9,14.4,21.9,-0.3,0.3,0,-0.001,12.28125,-3,-1.4,-4.3,-0.5
473,Matisse Thybulle,SF,25,PHI,49,591,10,0.536,0.543,0.103,4.1,8.5,6.3,5.1,3.8,2.2,6.2,9.8,0.3,0.9,1.3,0.102,12.06122449,-3.2,3.3,0.1,0.3
254,Kai Jones,C,22,CHO,46,550,10.8,0.597,0.158,0.217,7,17,11.9,3.7,1.5,4.7,19.1,12.4,0,0.7,0.7,0.062,11.95652174,-4.8,0.8,-4,-0.3
193,Montrezl Harrell,C,29,PHI,57,681,17.6,0.631,0.029,0.483,11.8,15.7,13.8,7.4,1.2,3.4,12.1,18.9,1.3,0.8,2.2,0.153,11.94736842,-0.9,-0.4,-1.3,0.1
318,Miles McBride,PG,22,NYK,64,760,8.4,0.475,0.623,0.195,1.9,5.4,3.6,12.4,2.4,1,9.7,14.6,0,0.7,0.7,0.047,11.875,-3.6,1.4,-2.3,-0.1
275,Luke Kornet,C,27,BOS,69,804,16.7,0.697,0.076,0.229,11.9,14.8,13.4,9.1,0.7,4.9,11.8,11.5,2.1,1.2,3.3,0.198,11.65217391,-0.4,1.3,1,0.6
440,Day'Ron Sharpe,C,21,BRK,48,552,17.8,0.581,0.064,0.322,20.6,20.1,20.4,9.7,1.3,5,17.7,19,0.8,0.8,1.6,0.139,11.5,-1.8,-0.6,-2.3,0
419,Isaiah Roby,PF,24,SAS,42,474,9.3,0.497,0.387,0.265,4.7,20.6,12.3,10.7,1.8,1.2,15.2,17.8,-0.4,0.3,-0.1,-0.011,11.28571429,-4,-0.6,-4.6,-0.3
494,Jabari Walker,SF,20,POR,56,619,9.6,0.496,0.283,0.227,8.8,15.5,12.2,7.8,0.8,1.9,11.8,17.3,-0.1,0.3,0.2,0.015,11.05357143,-3.9,-2.1,-6.1,-0.6
409,Paul Reed,C,23,PHI,69,755,19.2,0.62,0.029,0.244,17.8,23.1,20.5,5.3,3,6.3,16.3,16.4,1.2,1.6,2.8,0.18,10.94202899,-1.6,1.5,-0.1,0.4
38,Dāvis Bertāns,PF,30,DAL,45,492,11.9,0.618,0.881,0.094,2.3,10.3,6.3,6.2,1.1,1.5,5.7,16.2,0.6,0.3,0.9,0.09,10.93333333,0,-1.3,-1.2,0.1
165,Anthony Gill,PF,30,WAS,59,624,11.1,0.604,0.22,0.508,6.9,10.6,8.8,7.2,0.5,1.6,8.5,12.3,1,0.4,1.3,0.101,10.57627119,-2.4,-0.9,-3.3,-0.2
359,Raul Neto,PG,30,CLE,48,505,12.6,0.628,0.382,0.309,2.3,8.4,5.4,21,1.7,0.7,16.1,13.2,0.8,0.6,1.5,0.142,10.52083333,-1.7,1.5,-0.2,0.2
331,Chimezie Metu,PF,25,SAC,66,689,17.3,0.639,0.174,0.333,7.8,24.9,16.4,8.1,1.5,2.7,11.3,17.6,1.2,0.8,2.1,0.143,10.43939394,-0.3,0.2,-0.1,0.3
162,Taj Gibson,C,37,WAS,49,480,11.4,0.585,0.192,0.336,7.7,13.6,10.8,9.6,1.5,2.1,15.3,15.3,0.4,0.5,0.8,0.082,9.795918367,-3.6,0.5,-3.2,-0.1
452,Ish Smith,PG,34,DEN,43,398,6.5,0.407,0.092,0.031,1.5,13.8,7.8,32.5,1,1.6,24.9,19.3,-0.8,0.4,-0.5,-0.056,9.255813953,-5.5,-1.1,-6.6,-0.5
325,JaVale McGee,C,35,DAL,42,355,17.2,0.65,0.04,0.328,9.7,25.5,17.5,5.2,0.6,6.5,20.1,22.8,0.1,0.5,0.6,0.076,8.452380952,-3.6,-0.1,-3.7,-0.1
216,Richaun Holmes,C,29,SAC,42,348,12.9,0.668,0.09,0.213,9.6,16.6,13.1,3.5,0.4,2.8,12.6,13.7,0.6,0.3,0.8,0.113,8.285714286,-2,-0.9,-2.9,-0.1
408,Davon Reed,SG,27,TOT,43,342,6.2,0.471,0.548,0.286,3.4,16,9.9,8.2,2.1,1,17.5,14.5,-0.4,0.4,0.1,0.008,7.953488372,-5.4,0,-5.3,-0.3
