Rk,Player,Pos,Age,Tm,G,GS,MP,FG,FGA,FG%,3P,3PA,3P%,2P,2PA,2P%,eFG%,FT,FTA,FT%,ORB,DRB,TRB,AST,STL,BLK,TOV,PF,PTS,SEASON,FACTOR,VOP,DRB%,PER
416,Mitchell Robinson,C,24,NYK,59,58,27,3.2,4.7,0.671,0,0,0,3.2,4.7,0.671,0.671,1,2.1,0.484,4.5,4.9,9.4,0.9,0.9,1.8,0.7,2.7,7.4,S22-23,0.64469401,4.057017544,0.521276596,0.855734831
478,Mitchell Robinson,C,23,NYK,72,62,25.7,3.6,4.8,0.761,0,0,0,3.6,4.8,0.761,0.761,1.2,2.5,0.486,4.1,4.5,8.6,0.5,0.8,1.8,0.8,2.7,8.5,S21-22,0.655092593,3.269230769,0.523255814,0.537866544
506,Jericho Sims,PF,23,NYK,41,5,13.5,1,1.3,0.722,0,0,0,1,1.3,0.722,0.722,0.3,0.7,0.414,1.5,2.6,4.1,0.5,0.3,0.5,0.5,1.6,2.2,S21-22,0.629166667,3.618421053,0.634146341,0.632161999
589,Robert Williams,C,24,BOS,61,61,29.6,4.4,6,0.736,0,0,0,4.4,6,0.738,0.736,1.1,1.5,0.722,3.9,5.7,9.6,2,0.9,2.2,1,2.2,10,S21-22,0.638257576,2.659574468,0.59375,0.509926083
296,Kevon Looney,C,26,GSW,82,70,23.9,3,4.7,0.63,0,0,0,3,4.7,0.632,0.63,1.1,1.9,0.606,3.3,5.9,9.3,2.5,0.6,0.6,0.5,2.7,7,S22-23,0.590277778,2.558479532,0.64516129,0.506538121
2,Steven Adams,C,28,MEM,76,75,26.3,2.8,5.1,0.547,0,0,0,2.8,5,0.548,0.547,1.4,2.6,0.543,4.6,5.4,10,3.4,0.9,0.8,1.5,2,6.9,S21-22,0.514880952,2.194656489,0.54,0.374252464
265,Walker Kessler,C,21,UTA,74,40,23,4,5.6,0.72,0,0,0.333,4,5.6,0.723,0.721,1.1,2.1,0.516,3.1,5.3,8.4,0.9,0.4,2.3,0.8,2.3,9.2,S22-23,0.651197917,2.178030303,0.630952381,0.402929881
81,Clint Capela,C,28,ATL,65,63,26.6,5.4,8.2,0.653,0,0,0,5.4,8.2,0.654,0.653,1.2,2,0.603,4,7.1,11,0.9,0.7,1.2,0.8,2.1,12,S22-23,0.657407407,2.040816327,0.636363636,0.338377112
422,Onyeka Okongwu,C,21,ATL,48,6,20.7,3.3,4.7,0.69,0,0,0,3.3,4.7,0.69,0.69,1.7,2.3,0.727,2.4,3.5,5.9,1.1,0.6,1.3,0.9,3.1,8.2,S21-22,0.623737374,1.946818613,0.593220339,0.296418399
2,Steven Adams,C,29,MEM,42,42,27,3.7,6.3,0.597,0,0,0,3.7,6.2,0.599,0.597,1.1,3.1,0.364,5.1,6.5,11.5,2.3,0.9,1.1,1.9,2.3,8.6,S22-23,0.62046506,1.926523297,0.556521739,0.315180314
138,Jalen Duren,C,19,DET,67,31,24.9,3.9,5.9,0.648,0,0,0,3.9,5.9,0.652,0.648,1.4,2.3,0.611,3.4,5.5,8.9,1.1,0.7,0.9,1.4,2.7,9.1,S22-23,0.641354372,1.852605863,0.617977528,0.235358005
93,Clint Capela,C,27,ATL,74,73,27.6,5,8.2,0.613,0,0,0,5,8.1,0.614,0.613,1.1,2.3,0.473,3.8,8.1,11.9,1.2,0.7,1.3,0.6,2.2,11.1,S21-22,0.653466667,1.846307385,0.680672269,0.279338566
553,Jarred Vanderbilt,PF,22,MIN,74,67,25.4,2.9,4.9,0.587,0,0.2,0.143,2.8,4.7,0.605,0.59,1.2,1.8,0.656,2.9,5.5,8.4,1.3,1.3,0.6,1,2.4,6.9,S21-22,0.620293302,1.819620253,0.654761905,0.281453988
579,Hassan Whiteside,C,32,UTA,65,8,17.9,3.3,5.1,0.652,0,0,0,3.3,5.1,0.652,0.652,1.6,2.6,0.623,2.6,5,7.6,0.4,0.3,1.6,0.8,2.8,8.2,S21-22,0.651974288,1.845184518,0.657894737,0.221748585
146,Dorian Finney-Smith,PF,29,DAL,40,40,32.2,3.2,7.8,0.416,1.9,5.4,0.355,1.3,2.3,0.559,0.54,0.8,1,0.75,1.7,3,4.7,1.5,1,0.5,0.9,2,9.1,S22-23,0.637369792,1.22311828,0.638297872,0.092833129
457,Dwight Powell,C,30,DAL,82,71,21.9,3.3,4.9,0.671,0.2,0.5,0.351,3.1,4.4,0.703,0.687,2,2.6,0.783,2.1,2.8,4.9,1.2,0.5,0.5,0.8,2.7,8.7,S21-22,0.611570248,1.833895447,0.571428571,0.108652127
48,Khem Birch,C,29,TOR,55,28,18,1.8,3.6,0.485,0,0.3,0,1.8,3.4,0.522,0.485,1,1.3,0.746,2.2,2.1,4.3,1,0.5,0.5,0.5,1.9,4.5,S21-22,0.589506173,1.82038835,0.488372093,0.214063705
106,Brandon Clarke,PF,25,MEM,64,1,19.5,4.5,7,0.644,0.1,0.3,0.227,4.4,6.6,0.666,0.65,1.3,2,0.654,2.1,3.2,5.3,1.3,0.6,1.1,0.5,1.9,10.4,S21-22,0.645802469,1.656050955,0.603773585,0.151985148
190,Taj Gibson,C,36,NYK,52,4,18.2,1.7,3.2,0.518,0.3,0.7,0.395,1.4,2.5,0.555,0.563,0.8,1,0.808,1.7,2.7,4.4,0.6,0.4,0.8,0.5,2.6,4.4,S21-22,0.625144175,1.803278689,0.613636364,0.207317961
335,Kevon Looney,C,25,GSW,82,80,21.1,2.5,4.4,0.571,0,0,0,2.5,4.4,0.573,0.571,0.9,1.5,0.6,2.5,4.7,7.3,2,0.6,0.6,0.8,2.6,6,S21-22,0.594666667,1.785714286,0.657534247,0.440942241
195,Rudy Gobert,C,29,UTA,66,66,32.1,5.5,7.7,0.713,0,0.1,0,5.5,7.6,0.718,0.713,4.6,6.7,0.69,3.7,11,14.7,1.1,0.7,2.1,1.8,2.7,15.6,S21-22,0.624848485,1.783264746,0.74829932,0.138912287
372,Onyeka Okongwu,C,22,ATL,80,18,23.1,4,6.2,0.638,0.1,0.2,0.308,3.9,6.1,0.647,0.642,1.9,2.5,0.781,2.7,4.5,7.2,1,0.7,1.3,1,3.1,9.9,S22-23,0.636979167,1.767857143,0.625,0.197974175
181,Daniel Gafford,C,23,WAS,72,53,20.1,4,5.7,0.693,0,0,0,4,5.7,0.695,0.693,1.5,2.1,0.699,2.2,3.5,5.7,0.9,0.4,1.4,0.9,2.4,9.4,S21-22,0.645572917,1.765589782,0.614035088,0.160647609
356,Larry Nance Jr.,PF,30,NOP,65,1,21.2,2.9,4.7,0.61,0.2,0.6,0.333,2.6,4,0.654,0.633,0.8,1.2,0.696,1.6,3.8,5.4,1.8,0.9,0.6,0.6,2,6.8,S22-23,0.623860484,1.608325449,0.703703704,0.17340094
300,DeAndre Jordan,C,33,TOT,48,20,13,1.9,3,0.643,0,0,0,1.9,3,0.643,0.643,0.5,0.8,0.55,1.7,3.8,5.5,0.4,0.3,0.7,0.8,1.5,4.3,S21-22,0.652816251,1.753670473,0.690909091,0.321936264
156,Daniel Gafford,C,24,WAS,78,47,20.6,3.7,5.1,0.732,0,0,0,3.7,5.1,0.732,0.732,1.6,2.4,0.679,2.1,3.5,5.6,1.1,0.4,1.3,1.1,2.4,9,S22-23,0.634526418,1.745539178,0.625,0.181664558
253,Dwight Howard,C,36,LAL,60,27,16.2,2.2,3.7,0.612,0.1,0.3,0.533,2.1,3.4,0.618,0.63,1.6,2.4,0.658,2,4,5.9,0.6,0.6,0.6,0.8,1.9,6.2,S21-22,0.61707989,1.743532058,0.661016949,0.289842795
385,Mason Plumlee,C,32,TOT,79,60,26,4.2,6.1,0.68,0,0,0,4.2,6.1,0.68,0.68,2.5,4,0.636,2.9,6,8.9,3.1,0.6,0.6,1.5,2.7,10.8,S22-23,0.556831066,1.671826625,0.674157303,0.09998435
64,Tony Bradley,C,24,CHI,55,7,10,1.3,2.2,0.585,0,0,0,1.3,2.2,0.585,0.585,0.3,0.5,0.655,1.2,2.2,3.4,0.5,0.2,0.6,0.6,1.1,3,S21-22,0.644477318,1.648351648,0.647058824,0.374577807
539,Ivica Zubac,C,25,LAC,76,76,28.6,4.3,6.8,0.634,0,0,0,4.3,6.7,0.637,0.634,2.2,3.1,0.697,3.1,6.8,9.9,1,0.4,1.3,1.5,2.9,10.8,S22-23,0.636920858,1.645338208,0.686868687,0.178332657
385,Mason Plumlee,C,32,CHO,56,56,28.5,4.7,7.1,0.669,0,0,0,4.7,7.1,0.669,0.669,2.8,4.6,0.605,3.3,6.3,9.7,3.7,0.6,0.6,1.6,2.9,12.2,S22-23,0.549419043,1.643318966,0.659793814,0.182844146
8,Jarrett Allen,C,23,CLE,56,56,32.3,6.6,9.7,0.677,0,0.2,0.1,6.6,9.6,0.688,0.678,2.9,4.2,0.708,3.4,7.3,10.8,1.6,0.8,1.3,1.7,1.7,16.1,S21-22,0.640036731,1.634849716,0.685185185,0.120733881
8,Jarrett Allen,C,24,CLE,68,68,32.6,5.9,9.2,0.644,0,0.1,0.1,5.9,9.1,0.653,0.645,2.4,3.3,0.733,3.3,6.5,9.8,1.7,0.8,1.2,1.4,2.3,14.3,S22-23,0.637364742,1.633912249,0.663265306,0.108666829
108,Nic Claxton,C,22,BRK,47,19,20.7,3.8,5.6,0.674,0,0,0,3.8,5.6,0.674,0.674,1.1,2,0.581,1.9,3.7,5.6,0.9,0.5,1.1,0.8,2.3,8.7,S21-22,0.649526777,1.617100372,0.660714286,0.104545842
345,Sandro Mamukelashvili,PF,22,MIL,41,3,9.9,1.4,2.8,0.496,0.5,1.3,0.423,0.9,1.5,0.556,0.591,0.4,0.5,0.818,0.9,1.1,2,0.5,0.2,0.2,0.4,0.7,3.8,S21-22,0.641156463,1.507936508,0.55,0.25961738
605,Ivica Zubac,C,24,LAC,76,76,24.4,4.1,6.5,0.626,0,0,0,4.1,6.5,0.626,0.626,2.2,3,0.727,2.9,5.6,8.5,1.6,0.5,1,1.5,2.7,10.3,S21-22,0.614316875,1.604361371,0.658823529,0.134902362
70,Thomas Bryant,C,25,LAL,41,25,21.4,4.8,7.3,0.654,0.5,1.2,0.44,4.3,6.1,0.697,0.691,2,2.6,0.741,1.6,5.2,6.8,0.7,0.3,0.6,0.7,1.9,12.1,S22-23,0.651475694,1.603923648,0.764705882,0.140654367
167,Rudy Gobert,C,30,MIN,70,70,30.7,5.1,7.8,0.659,0,0,0,5.1,7.8,0.663,0.659,3.1,4.9,0.644,3.3,8.3,11.6,1.2,0.8,1.4,1.7,3,13.4,S22-23,0.630911188,1.603638104,0.715517241,0.114927904
94,Nic Claxton,C,23,BRK,76,76,29.9,5.4,7.7,0.705,0,0,0,5.4,7.7,0.708,0.705,1.8,3.2,0.541,2.4,6.8,9.2,1.9,0.9,2.5,1.3,2.8,12.6,S22-23,0.637345679,1.573426573,0.739130435,0.164956083
144,Drew Eubanks,C,25,POR,78,28,20.3,2.7,4.3,0.641,0.1,0.2,0.389,2.7,4.1,0.655,0.651,1.1,1.6,0.664,1.7,3.7,5.4,1.3,0.5,1.3,0.9,2.2,6.6,S22-23,0.617626886,1.569933397,0.685185185,0.17400198
484,Jarred Vanderbilt,PF,23,TOT,78,65,24.1,3.2,5.8,0.548,0.4,1.2,0.322,2.8,4.6,0.604,0.58,1.2,1.8,0.691,2.2,5.3,7.5,2.4,1.1,0.3,1.2,2.4,7.9,S22-23,0.596354167,1.412732475,0.706666667,0.173610452
235,Willy Hernangï¿½ï¿,C,27,NOP,50,8,16.8,3.4,6.5,0.52,0.1,0.2,0.333,3.3,6.3,0.527,0.526,2.2,2.8,0.773,2.9,3.9,6.8,1.3,0.4,0.4,1,1.9,9.1,S21-22,0.604815456,1.560356653,0.573529412,0.099061565
247,Richaun Holmes,C,28,SAC,45,37,23.9,4.4,6.7,0.66,0,0.1,0.4,4.4,6.6,0.664,0.663,1.6,2,0.778,2.1,5,7,1.1,0.4,0.9,1.2,2.8,10.4,S21-22,0.643939394,1.556886228,0.7,0.064158131
404,Larry Nance Jr.,PF,29,TOT,46,11,22.6,2.8,5.4,0.522,0.5,1.5,0.329,2.3,3.8,0.599,0.569,0.9,1.2,0.702,1.6,3.8,5.4,1.8,0.9,0.4,0.8,1.8,7,S21-22,0.615008503,1.365054602,0.703703704,0.151706072
447,Jakob Poeltl,C,26,SAS,68,67,29,6,9.8,0.618,0,0,1,6,9.7,0.618,0.619,1.4,2.8,0.495,3.9,5.5,9.3,2.8,0.7,1.7,1.6,3.1,13.5,S21-22,0.639444444,1.546037563,0.580645161,0.140539345
601,Thaddeus Young,PF,33,TOT,52,1,16.3,2.7,5.2,0.518,0.3,0.9,0.354,2.4,4.3,0.554,0.55,0.4,0.9,0.469,1.5,2.5,4,2,1,0.3,1,1.6,6.2,S21-22,0.639231824,1.216640502,0.625,0.165696019
484,Jarred Vanderbilt,PF,23,UTA,52,41,24.1,3.3,6,0.556,0.4,1.1,0.333,3,4.9,0.606,0.587,1.3,2,0.657,2.3,5.5,7.9,2.7,1,0.3,1.3,2.6,8.3,S22-23,0.586088154,1.411564626,0.708860759,0.103747056
480,P.J. Tucker,PF,37,PHI,75,75,25.6,1.3,3,0.427,0.7,1.9,0.393,0.5,1.1,0.482,0.549,0.3,0.3,0.826,1.3,2.7,3.9,0.8,0.5,0.2,0.6,2.4,3.5,S22-23,0.631163708,1.439144737,0.666666667,0.175950435
221,Montrezl Harrell,C,28,TOT,71,3,23.1,5,7.8,0.645,0.1,0.2,0.235,5,7.6,0.658,0.649,3,4.2,0.716,2.1,4,6.1,2,0.4,0.6,1,1.9,13.1,S21-22,0.606666667,1.532522227,0.655737705,0.029919809
230,Jaxson Hayes,C,21,NOP,70,28,20,3.5,5.7,0.616,0.3,0.8,0.351,3.2,4.9,0.66,0.641,2.1,2.7,0.766,1.6,2.9,4.5,0.6,0.5,0.8,0.8,2.2,9.3,S21-22,0.640952381,1.527595269,0.644444444,0.003062234
521,Kenrich Williams,PF,28,OKC,53,10,22.8,3.4,6.5,0.517,0.9,2.5,0.373,2.4,4,0.608,0.59,0.3,0.7,0.436,1.8,3.1,4.9,2,0.8,0.3,0.6,2.1,8,S22-23,0.653690888,1.426533524,0.632653061,0.244112097
221,Montrezl Harrell,C,28,WAS,46,3,24.3,5.4,8.3,0.645,0.1,0.3,0.267,5.3,8,0.66,0.65,3.2,4.5,0.727,2.1,4.6,6.7,2.1,0.4,0.7,1.1,1.9,14.1,S21-22,0.609053498,1.519396552,0.686567164,-0.013338933
411,Zeke Nnaji,PF,21,DEN,41,1,17,2.3,4.5,0.516,0.9,2,0.463,1.4,2.6,0.557,0.616,1,1.6,0.631,1.4,2.2,3.6,0.4,0.4,0.3,0.6,1.9,6.6,S21-22,0.647763075,1.498637602,0.611111111,0.131060747
386,Jakob Poeltl,C,27,TOT,72,71,26.5,5.4,8.6,0.629,0,0,0,5.4,8.6,0.63,0.629,1.7,2.8,0.592,3.3,5.8,9.1,2.7,0.9,1.2,1.7,2.7,12.5,S22-23,0.627314815,1.518464529,0.637362637,0.126520376
473,Nick Richards,C,24,CHO,50,5,7.3,1.2,1.8,0.667,0,0,0,1.2,1.8,0.667,0.667,0.6,0.9,0.698,0.7,1,1.7,0.3,0.2,0.4,0.5,1,3,S21-22,0.635416667,1.503006012,0.588235294,0.189046586
10,Kyle Anderson,PF,29,MIN,69,46,28.4,3.7,7.2,0.509,0.6,1.5,0.41,3,5.7,0.536,0.553,1.4,2,0.735,1,4.4,5.3,4.9,1.1,0.9,1.5,2.1,9.4,S22-23,0.541392744,1.095571096,0.811320755,0.053721223
33,Nicolas Batum,PF,34,LAC,78,19,21.9,2.1,4.9,0.42,1.6,4.1,0.391,0.5,0.8,0.563,0.583,0.4,0.6,0.708,0.8,3,3.8,1.6,0.7,0.6,0.6,1.9,6.1,S22-23,0.630385488,1.228847703,0.789473684,0.115210755
520,Isaiah Stewart,C,20,DET,71,71,25.6,3.5,6.9,0.51,0.2,0.6,0.326,3.3,6.3,0.529,0.526,1,1.5,0.718,3.2,5.5,8.7,1.2,0.3,1.1,1.2,3,8.3,S21-22,0.642176871,1.492805755,0.632183908,0.111567927
146,Dorian Finney-Smith,PF,29,TOT,66,66,30.4,3,7.6,0.391,1.7,5.1,0.337,1.2,2.5,0.503,0.505,0.7,0.9,0.763,1.7,3.1,4.8,1.5,0.8,0.5,0.9,2.2,8.3,S22-23,0.6375,1.153418566,0.645833333,0.075554452
367,JaVale McGee,C,34,PHO,74,17,15.8,3.9,6.2,0.629,0,0.1,0.222,3.9,6.1,0.637,0.631,1.4,2,0.699,2.2,4.5,6.7,0.6,0.3,1.1,1.3,2.4,9.2,S21-22,0.652859961,1.488673139,0.671641791,0.066147879
453,Otto Porter Jr.,PF,28,GSW,63,15,22.2,3.1,6.6,0.464,1.3,3.4,0.37,1.8,3.2,0.565,0.56,0.8,1,0.803,1.4,4.4,5.7,1.5,1.1,0.5,0.6,1.3,8.2,S21-22,0.635449185,1.314102564,0.754385965,0.14364503
446,Mason Plumlee,C,31,CHO,73,73,24.6,2.8,4.4,0.641,0,0,0,2.8,4.4,0.645,0.641,0.9,2.3,0.392,2.4,5.3,7.7,3.1,0.8,0.7,1.4,3.1,6.5,S21-22,0.57769983,1.47325476,0.688311688,0.199777718
150,Andre Drummond,C,28,TOT,73,36,19.7,3.4,5.9,0.57,0,0,0,3.4,5.9,0.574,0.57,1.2,2.2,0.524,3.1,6.2,9.3,1.8,1.1,0.9,1.6,2.6,7.9,S21-22,0.619953864,1.471684054,0.666666667,0.174868936
561,Ish Wainright,PF,27,PHO,45,0,8,0.9,2.3,0.394,0.4,1.3,0.322,0.5,1,0.489,0.486,0.2,0.3,0.583,0.6,0.6,1.2,0.3,0.4,0.1,0.3,1.1,2.4,S21-22,0.648148148,1.125703565,0.5,0.164022514
164,Drew Eubanks,C,24,TOT,71,31,17.5,3.1,5.2,0.596,0.1,0.3,0.217,3,4.9,0.621,0.602,1.4,1.8,0.762,1.8,3.5,5.4,1.2,0.4,0.6,1.1,1.7,7.7,S21-22,0.622962192,1.455026455,0.666666667,0.153086823
384,Evan Mobley,PF,20,CLE,69,69,33.8,6.1,12,0.508,0.3,1.3,0.25,5.8,10.7,0.541,0.522,2.4,3.7,0.663,2.1,6.2,8.3,2.5,0.8,1.7,1.9,2.1,15,S21-22,0.626354923,1.117068811,0.746987952,-0.052313032
548,P.J. Tucker,PF,36,MIA,71,70,27.9,2.9,6,0.484,1.1,2.7,0.415,1.8,3.3,0.54,0.577,0.6,0.9,0.738,1.4,4,5.5,2.1,0.8,0.2,0.9,2.3,7.6,S21-22,0.629211256,1.289009498,0.745454545,0.093431037
227,Isaiah Hartenstein,C,23,LAC,68,0,17.9,3.4,5.4,0.626,0.2,0.4,0.467,3.2,4.9,0.64,0.645,1.3,1.9,0.689,1.7,3.2,4.9,2.4,0.7,1.1,1.2,2.5,8.3,S21-22,0.599192618,1.447001395,0.653061224,0.155652619
131,Dewayne Dedmon,C,32,MIA,67,15,15.9,2.4,4.3,0.566,0.3,0.7,0.404,2.2,3.6,0.597,0.598,1.1,1.5,0.75,1.6,4.2,5.8,0.7,0.4,0.6,1,2.6,6.3,S21-22,0.633246528,1.444954128,0.724137931,0.127988693
292,Damian Jones,C,26,SAC,56,15,18.2,3.1,4.8,0.658,0.2,0.5,0.345,2.9,4.2,0.696,0.677,1.7,2.3,0.718,1.3,3.1,4.4,1.2,0.5,0.8,1.1,2.3,8.1,S21-22,0.613596948,1.443335709,0.704545455,0.040319791
293,Derrick Jones Jr.,PF,24,CHI,51,8,17.6,2.1,3.8,0.538,0.4,1.2,0.328,1.7,2.6,0.634,0.59,1.1,1.4,0.8,1.2,2.1,3.3,0.6,0.5,0.6,0.6,2.1,5.6,S21-22,0.629251701,1.467505241,0.636363636,0.122880564
61,Chris Boucher,PF,29,TOR,80,9,21.1,3.4,7.2,0.464,0.9,2.9,0.297,2.5,4.4,0.575,0.523,1.9,2.4,0.777,2.2,3.9,6.2,0.3,0.6,0.9,0.5,2.2,9.4,S21-22,0.654339677,1.433801098,0.64516129,0.082460593
204,Draymond Green,PF,31,GSW,46,44,28.9,2.9,5.6,0.525,0.3,1.2,0.296,2.6,4.4,0.586,0.556,1.3,2,0.659,1,6.3,7.3,7,1.3,1.1,3,3,7.5,S21-22,0.396155371,0.884433962,0.863013699,0.103641297
538,Tristan Thompson,PF,30,TOT,57,6,15.7,2.5,4.7,0.528,0,0.1,0.333,2.5,4.6,0.53,0.53,1.1,2,0.526,2.1,2.9,5.1,0.6,0.4,0.4,0.8,1.7,6,S21-22,0.640266667,1.401869159,0.588235294,0.089268199
77,Moses Brown,C,22,TOT,40,6,8.6,1.6,2.7,0.593,0,0,0,1.6,2.7,0.593,0.593,1.1,1.8,0.597,1,2.4,3.4,0,0.2,0.4,0.5,1.3,4.3,S21-22,0.666666667,1.437165775,0.705882353,0.138198717
386,Jakob Poeltl,C,27,SAS,46,46,26.1,5.2,8.4,0.616,0,0,0,5.2,8.4,0.618,0.616,1.7,2.8,0.605,3.3,5.7,9,3.1,0.8,1.1,2.1,2.6,12.1,S22-23,0.617942554,1.435009488,0.633333333,0.114410199
517,Grant Williams,PF,24,BOS,79,23,25.9,2.7,6,0.454,1.5,3.7,0.395,1.3,2.3,0.546,0.575,1.2,1.5,0.77,1.1,3.5,4.6,1.7,0.5,0.4,1,2.4,8.1,S22-23,0.596707819,1.234756098,0.760869565,0.03212706
176,Draymond Green,PF,32,GSW,73,73,31.5,3.4,6.5,0.527,0.5,1.8,0.305,2.9,4.7,0.612,0.57,1.1,1.5,0.713,0.9,6.3,7.2,6.8,1,0.8,2.8,3.1,8.5,S22-23,0.504901961,0.938189845,0.875,0.061214373
38,Nicolas Batum,PF,33,LAC,59,54,24.8,3,6.6,0.463,1.8,4.6,0.4,1.2,2,0.607,0.602,0.4,0.6,0.658,0.5,3.8,4.3,1.7,1,0.7,0.7,1.4,8.3,S21-22,0.647777778,1.174971687,0.88372093,0.045423116
558,Dean Wade,PF,25,CLE,51,28,19.2,1.9,4.3,0.456,1,2.8,0.359,0.9,1.5,0.64,0.574,0.4,0.6,0.667,0.6,2.3,2.9,1,0.6,0.1,0.3,1.7,5.3,S21-22,0.638965836,1.242964353,0.793103448,0.132120071
339,Evan Mobley,PF,21,CLE,79,79,34.4,6.6,12,0.554,0.3,1.3,0.216,6.4,10.7,0.595,0.566,2.6,3.8,0.674,2.4,6.6,9,2.8,0.8,1.5,1.8,2.8,16.2,S22-23,0.624885216,1.239290086,0.733333333,-0.022005128
569,P.J. Washington,PF,23,CHO,65,28,27.2,3.8,8.2,0.47,1.7,4.6,0.365,2.2,3.6,0.606,0.573,0.9,1.2,0.716,1.3,3.9,5.2,2.3,0.9,0.9,1.3,2.3,10.3,S21-22,0.630828717,1.180109991,0.75,0.043763721
490,Dean Wade,PF,26,CLE,44,13,20.3,1.7,4,0.412,1,2.9,0.354,0.6,1.1,0.56,0.54,0.3,0.5,0.652,0.5,3,3.4,0.8,0.6,0.5,0.4,2,4.7,S22-23,0.645905421,1.140776699,0.852941176,0.053837291
168,Dorian Finney-Smith,PF,28,DAL,80,80,33.1,4.1,8.7,0.471,2.2,5.4,0.395,1.9,3.2,0.599,0.595,0.7,1,0.675,1.5,3.2,4.7,1.9,1.1,0.5,1,2.3,11,S21-22,0.646886774,1.273148148,0.680851064,0.095072481
22,Deandre Ayton,C,23,PHO,58,58,29.5,7.6,12,0.634,0.1,0.3,0.368,7.5,11.7,0.642,0.639,1.8,2.4,0.746,2.6,7.7,10.2,1.4,0.7,0.7,1.6,2.4,17.2,S21-22,0.655759464,1.426675514,0.745098039,-0.00938453
322,Jock Landale,C,26,SAS,54,1,10.9,1.9,3.8,0.495,0.5,1.6,0.326,1.3,2.1,0.626,0.566,0.6,0.8,0.829,1.2,1.4,2.6,0.8,0.2,0.3,0.6,1,4.9,S21-22,0.633425669,1.379504505,0.538461538,0.107783129
542,Xavier Tillman Sr.,PF,23,MEM,53,2,13.2,1.8,4.1,0.454,0.2,0.9,0.204,1.7,3.2,0.527,0.477,0.9,1.3,0.648,1.2,1.8,3,1.2,0.9,0.3,0.6,1.2,4.8,S21-22,0.583333333,1.178781925,0.6,0.05539001
217,Al Horford,C,36,BOS,63,63,30.5,3.6,7.6,0.476,2.3,5.2,0.446,1.3,2.4,0.539,0.627,0.2,0.3,0.714,1.2,5,6.2,3,0.5,1,0.6,1.9,9.8,S22-23,0.655092593,1.374088615,0.806451613,0.124194814
234,Juancho Hernangï¿½ï¿,PF,26,TOT,40,9,11.1,1.1,2.7,0.415,0.6,1.7,0.348,0.5,0.9,0.541,0.528,0.5,0.9,0.559,0.7,1.8,2.5,0.5,0.4,0.3,0.4,0.6,3.3,S21-22,0.615013774,1.180257511,0.72,0.115128093
139,Tari Eason,PF,21,HOU,82,5,21.5,3.6,8,0.448,0.7,2.1,0.343,2.9,6,0.486,0.493,1.3,1.8,0.752,2.4,3.7,6,1.1,1.2,0.6,1.2,2.3,9.3,S22-23,0.63908179,1.224973656,0.6,0.103360763
32,Scottie Barnes,PF,20,TOR,74,74,35.4,6.2,12.6,0.492,0.8,2.6,0.301,5.4,10,0.543,0.524,2.1,2.9,0.735,2.6,4.9,7.5,3.5,1.1,0.7,1.8,2.6,15.3,S21-22,0.618864898,1.170082594,0.653333333,0.003331655
585,Grant Williams,PF,23,BOS,77,21,24.4,2.7,5.6,0.475,1.4,3.4,0.411,1.3,2.3,0.569,0.597,1.1,1.2,0.905,0.8,2.7,3.6,1,0.5,0.7,0.8,2.4,7.8,S21-22,0.628943759,1.272845953,0.777777778,0.036634065
150,Andre Drummond,C,28,PHI,49,12,18.4,2.6,4.9,0.538,0,0,0,2.6,4.8,0.542,0.538,0.9,1.7,0.512,2.8,6.1,8.8,2,1.1,0.9,1.6,2.5,6.1,S21-22,0.600098619,1.371402878,0.681818182,0.19783489
138,Gorgui Dieng,C,32,ATL,44,3,8.4,1.2,2.5,0.473,0.7,1.5,0.426,0.5,1,0.545,0.603,0.4,0.6,0.731,0.7,2,2.8,0.8,0.3,0.3,0.5,1.2,3.5,S21-22,0.611111111,1.365054602,0.75,0.253314514
294,Herbert Jones,PF,23,NOP,78,69,29.9,3.5,7.4,0.476,0.7,2.2,0.337,2.8,5.2,0.533,0.525,1.8,2.1,0.84,1.3,2.5,3.8,2.1,1.7,0.8,1.3,3.1,9.5,S21-22,0.58952381,1.141278232,0.657894737,0.040582335
49,Goga Bitadze,C,22,IND,50,16,14.6,2.6,5,0.52,0.5,1.6,0.288,2.2,3.4,0.628,0.565,1.3,1.9,0.681,1.6,2,3.5,1.1,0.4,0.8,0.9,2.1,7,S21-22,0.613782051,1.362928349,0.542857143,0.06900909
206,JaMychal Green,PF,31,DEN,67,8,16.2,2.4,4.9,0.486,0.5,1.9,0.266,1.9,3,0.621,0.537,1.2,1.4,0.871,1.2,3,4.2,0.9,0.6,0.4,0.9,2.4,6.4,S21-22,0.619791667,1.226993865,0.714285714,0.015062161
119,Robert Covington,PF-SF,31,TOT,71,42,27.3,2.9,7,0.42,1.8,4.8,0.378,1.1,2.2,0.509,0.548,0.8,1,0.841,0.8,4.7,5.5,1.3,1.5,1.3,1.1,2.7,8.5,S21-22,0.63575109,1.098191214,0.854545455,0.05412426
119,Robert Covington,PF,31,POR,48,40,29.8,2.7,7,0.381,1.6,4.8,0.343,1,2.2,0.462,0.499,0.6,0.8,0.833,0.9,4.9,5.7,1.4,1.5,1.3,1.2,2.8,7.6,S21-22,0.637860082,0.993204391,0.842105263,0.119178399
428,Domantas Sabonis,C,26,SAC,79,79,34.6,7.3,11.9,0.615,0.4,1.1,0.373,6.9,10.8,0.639,0.632,4.1,5.5,0.742,3.2,9.1,12.3,7.3,0.8,0.5,2.9,3.5,19.1,S22-23,0.526255708,1.362339515,0.739837398,0.016369403
309,Maxi Kleber,PF,30,DAL,59,21,24.6,2.4,6,0.398,1.4,4.3,0.325,1,1.7,0.586,0.516,0.8,1.1,0.708,1.2,4.7,5.9,1.2,0.5,1,0.8,2.3,7,S21-22,0.625,1.150558843,0.796610169,0.083462873
480,Isaiah Roby,PF,23,OKC,45,28,21.1,3.7,7.2,0.514,1,2.2,0.444,2.7,5,0.545,0.582,1.7,2.6,0.672,1.7,3.2,4.8,1.6,0.8,0.8,1,2.4,10.1,S21-22,0.616995374,1.32129775,0.645833333,0.057368637
164,Drew Eubanks,C,24,SAS,49,9,12.1,1.7,3.2,0.528,0,0.2,0.125,1.7,3.1,0.55,0.531,1.2,1.6,0.747,1.3,2.7,4,1,0.3,0.6,0.9,1.2,4.7,S21-22,0.562860438,1.341324201,0.675,0.385981556
110,Anthony Davis,C,29,LAL,56,54,34,9.7,17.2,0.563,0.3,1.3,0.257,9.3,15.9,0.589,0.573,6.2,7.9,0.784,3.5,9.1,12.5,2.6,1.1,2,2.2,2.6,25.9,S22-23,0.623835335,1.336705202,0.72,-0.12391378
210,Blake Griffin,PF,32,BRK,56,24,17.1,2.4,5.6,0.425,0.7,2.6,0.262,1.7,3,0.565,0.486,1,1.4,0.724,1.1,3,4.1,1.9,0.5,0.3,0.6,1.7,6.4,S21-22,0.584201389,1.119664101,0.731707317,0.052748749
309,Caleb Martin,PF,27,MIA,71,49,29.3,3.6,7.7,0.464,1.2,3.3,0.356,2.4,4.4,0.545,0.54,1.3,1.6,0.805,1.2,3.6,4.8,1.6,1,0.4,1.1,2,9.6,S22-23,0.62654321,1.156069364,0.75,0.027763289
297,Brook Lopez,C,34,MIL,78,78,30.4,6.1,11.5,0.531,1.7,4.7,0.374,4.4,6.9,0.637,0.606,1.9,2.4,0.784,2,4.7,6.7,1.3,0.5,2.5,1.4,2.6,15.9,S22-23,0.650071665,1.329876213,0.701492537,0.114164523
488,Domantas Sabonis,C,25,IND,47,46,34.7,7,12.1,0.58,0.7,2.3,0.324,6.3,9.9,0.639,0.61,4.1,5.5,0.74,3.3,8.8,12.1,5,1,0.5,3,3.1,18.9,S21-22,0.56207483,1.329113924,0.727272727,0.011125745
28,Scottie Barnes,PF,21,TOR,77,76,34.8,6,13.2,0.456,0.8,2.9,0.281,5.2,10.3,0.505,0.487,2.5,3.2,0.772,2.3,4.3,6.6,4.8,1.1,0.8,2,2.2,15.3,S22-23,0.583333333,1.069331842,0.651515152,0.052917315
249,Nikola Joki?,C,27,DEN,69,69,33.7,9.4,14.8,0.632,0.8,2.2,0.383,8.5,12.7,0.675,0.66,4.9,6,0.822,2.4,9.4,11.8,9.8,1.3,0.7,3.6,2.5,24.5,S22-23,0.530802022,1.314377682,0.796610169,-0.005378124
11,Kyle Anderson,PF,28,MEM,69,11,21.5,3,6.8,0.446,0.5,1.6,0.33,2.5,5.2,0.481,0.484,1,1.5,0.638,1,4.3,5.3,2.7,1.1,0.7,1,1.6,7.6,S21-22,0.591666667,1.018766756,0.811320755,0.071969715
483,Jonas Valan?i?nas,C,30,NOP,79,79,24.9,5.6,10.3,0.547,0.5,1.4,0.349,5.2,8.9,0.577,0.57,2.3,2.8,0.826,2.8,7.3,10.2,1.8,0.3,0.7,2,3.1,14.1,S22-23,0.63366284,1.313827805,0.725490196,-0.015938838
512,Jalen Smith,PF,21,TOT,51,8,18.1,3.5,6.9,0.503,0.8,2.4,0.328,2.7,4.5,0.596,0.56,1.5,2,0.765,2,4,6,0.5,0.3,0.8,0.8,1.9,9.2,S21-22,0.651360544,1.398176292,0.666666667,0.08776481
19,Marvin Bagley III,C,23,DET,42,25,23.6,4.8,9.1,0.529,0.5,1.6,0.288,4.4,7.5,0.579,0.554,1.9,2.6,0.75,2.2,4.2,6.4,0.9,0.5,0.7,1.1,1.9,12,S22-23,0.648111979,1.312335958,0.65625,0.021502847
17,Deandre Ayton,C,24,PHO,67,67,30.4,7.8,13.2,0.589,0.1,0.4,0.292,7.7,12.9,0.597,0.592,2.3,3,0.76,2.6,7.4,10,1.7,0.6,0.8,1.8,2.8,18,S22-23,0.650599934,1.311953353,0.74,-0.06198083
284,James Johnson,PF,34,BRK,62,10,19.2,2.3,5,0.469,0.4,1.4,0.271,2,3.6,0.545,0.507,0.5,0.9,0.527,0.8,2.6,3.5,2.1,0.5,0.5,0.8,2.6,5.5,S21-22,0.617044739,1.019273536,0.771428571,0.049428876
523,Patrick Williams,PF,21,CHI,82,65,28.3,3.8,8.3,0.464,1.4,3.4,0.415,2.4,4.9,0.498,0.549,1.1,1.3,0.857,1,3,4,1.2,0.9,0.9,1.2,1.8,10.2,S22-23,0.643813481,1.124338624,0.75,-0.009746667
262,Serge Ibaka,C-PF,32,TOT,54,12,16.2,2.7,5.5,0.5,0.7,1.8,0.374,2.1,3.6,0.563,0.563,0.6,0.8,0.727,1.1,3.5,4.6,0.9,0.2,0.6,0.8,1.9,6.8,S21-22,0.648148148,1.224783862,0.760869565,0.018697895
448,Aleksej Pokusevski,PF,20,OKC,61,12,20.2,3,7.5,0.408,0.9,3.2,0.289,2.1,4.2,0.498,0.47,0.6,0.8,0.7,1.2,4,5.2,2.1,0.6,0.6,1.5,1.4,7.6,S21-22,0.631666667,0.932286555,0.769230769,0.006138315
27,Mo Bamba,C,23,ORL,71,69,25.7,4.2,8.7,0.48,1.5,4,0.381,2.7,4.7,0.563,0.566,0.8,1,0.781,2.1,6,8.1,1.2,0.5,1.7,1.1,2.6,10.6,S21-22,0.653061224,1.302211302,0.740740741,0.125747002
51,Chris Boucher,PF,30,TOR,76,0,20,3.4,7,0.493,0.8,2.5,0.328,2.6,4.5,0.585,0.552,1.7,2.2,0.762,2.1,3.5,5.5,0.4,0.6,0.8,0.5,1.9,9.4,S22-23,0.651960784,1.476130653,0.618181818,0.153476618
551,Jonas Valan?i?nas,C,29,NOP,74,74,30.3,6.9,12.7,0.544,0.8,2.1,0.361,6.1,10.5,0.581,0.574,3.2,3.9,0.82,3.1,8.3,11.4,2.6,0.6,0.8,2.4,3.3,17.8,S21-22,0.622978366,1.297754447,0.728070175,-0.05212952
603,Omer Yurtseven,C,23,MIA,56,12,12.6,2.3,4.4,0.526,0,0.2,0.091,2.3,4.2,0.547,0.528,0.7,1.1,0.623,1.5,3.7,5.3,0.9,0.3,0.4,0.7,1.5,5.3,S21-22,0.63689351,1.297747307,0.716981132,0.067865305
294,Isaiah Livers,PF,24,DET,52,22,23.1,2.3,5.5,0.417,1.4,3.9,0.365,0.9,1.6,0.541,0.545,0.6,0.8,0.821,0.5,2.2,2.8,0.8,0.5,0.5,0.6,2,6.7,S22-23,0.643982357,1.125672043,0.821428571,0.002380433
364,Jaden McDaniels,PF,21,MIN,70,31,25.8,3.6,7.9,0.46,1.1,3.6,0.317,2.5,4.3,0.579,0.532,0.8,1,0.803,1.1,3.1,4.2,1.1,0.7,0.8,1.1,3.2,9.2,S21-22,0.649691358,1.103117506,0.738095238,0.003169196
401,Mike Muscala,C,30,OKC,43,0,13.8,2.6,5.8,0.456,1.6,3.8,0.429,1,2,0.506,0.597,1.1,1.3,0.842,0.5,2.5,3,0.5,0.4,0.6,0.3,1.3,8,S21-22,0.64632643,1.29617628,0.833333333,0.015572587
5,Santi Aldama,PF,22,MEM,77,20,21.8,3.2,6.8,0.47,1.2,3.5,0.353,2,3.4,0.591,0.56,1.4,1.9,0.75,1.1,3.7,4.8,1.3,0.6,0.6,0.8,1.9,9,S22-23,0.622233073,1.226826609,0.770833333,0.003543957
193,Anthony Gill,PF,29,WAS,44,0,10.5,1.4,2.5,0.569,0.3,0.6,0.538,1.1,1.9,0.578,0.633,1,1.2,0.808,0.8,1.2,1.9,0.6,0.1,0.3,0.4,1.3,4.1,S21-22,0.590136054,1.560121766,0.578947368,0.129507147
5,LaMarcus Aldridge,C,36,BRK,47,12,22.3,5.4,9.7,0.55,0.3,1,0.304,5.1,8.8,0.578,0.566,1.9,2.2,0.873,1.6,3.9,5.5,0.9,0.3,1,0.9,1.7,12.9,S21-22,0.652006173,1.294141252,0.709090909,-0.05188858
288,Stanley Johnson,PF,25,LAL,48,27,22.8,2.4,5.2,0.466,0.7,2.2,0.314,1.8,3,0.575,0.532,1.1,1.5,0.716,0.7,2.5,3.2,1.7,0.9,0.3,0.7,2.3,6.7,S21-22,0.585503472,1.14334471,0.78125,0.092850524
169,Aaron Gordon,PF,27,DEN,68,68,30.2,6.3,11.2,0.564,0.9,2.5,0.347,5.4,8.6,0.628,0.603,2.8,4.6,0.608,2.4,4.1,6.6,3,0.8,0.8,1.4,1.9,16.3,S22-23,0.613756614,1.333442408,0.636363636,0.056063235
481,Myles Turner,C,26,IND,62,62,29.4,6.5,11.8,0.548,1.5,4,0.373,5,7.8,0.638,0.612,3.5,4.5,0.783,1.4,6.1,7.5,1.4,0.6,2.3,1.7,3.5,18,S22-23,0.637672584,1.278409091,0.813333333,0.012216966
290,Nikola Joki?,C,26,DEN,74,74,33.5,10.3,17.7,0.583,1.3,3.9,0.337,9,13.8,0.652,0.62,5.1,6.3,0.81,2.8,11,13.8,7.9,1.5,0.9,3.8,2.6,27.1,S21-22,0.571723694,1.262108793,0.797101449,-0.061007777
454,Bobby Portis,C,26,MIL,72,59,28.2,5.8,12.1,0.479,1.8,4.7,0.393,3.9,7.4,0.533,0.555,1.2,1.6,0.752,2.5,6.6,9.1,1.2,0.7,0.7,1.3,2.4,14.6,S21-22,0.655965121,1.258186832,0.725274725,0.071414346
437,Alperen ï¿½ï¿½en,C,20,HOU,75,72,28.9,5.9,10.7,0.553,0.3,0.8,0.333,5.6,9.9,0.57,0.565,2.7,3.8,0.715,3.2,5.8,9,3.9,0.9,0.9,2.6,3.4,14.8,S22-23,0.591041846,1.257220523,0.644444444,0.026386926
24,Marvin Bagley III,PF,22,TOT,48,25,23.9,4.7,9.3,0.504,0.5,2,0.237,4.2,7.3,0.579,0.53,1.4,2.1,0.663,2.2,4.9,7,0.8,0.5,0.4,0.8,1.9,11.3,S21-22,0.653991248,1.280598368,0.685714286,-0.016448114
420,Chuma Okeke,PF,23,ORL,70,20,25,3.1,8.2,0.376,1.7,5.3,0.318,1.4,2.9,0.48,0.478,0.8,0.9,0.846,0.7,4.3,5,1.7,1.4,0.6,0.8,1.4,8.6,S21-22,0.631286854,0.988960442,0.86,0.022369518
250,Al Horford,C,35,BOS,69,69,29.1,3.9,8.2,0.467,1.3,3.8,0.336,2.6,4.4,0.582,0.546,1.2,1.4,0.842,1.6,6.1,7.7,3.4,0.7,1.3,0.9,1.9,10.2,S21-22,0.599605523,1.256776737,0.792207792,0.178790775
488,Domantas Sabonis,C-PF,25,TOT,62,61,34.5,7.1,12.5,0.573,0.6,2,0.312,6.5,10.5,0.623,0.598,4,5.4,0.741,3.2,8.9,12.1,5.2,1,0.4,3.1,3.3,18.9,S21-22,0.563512531,1.279101245,0.73553719,-0.001738796
84,Wendell Carter Jr.,C,23,ORL,57,54,29.6,5.6,10.8,0.525,1.4,3.9,0.356,4.2,6.8,0.624,0.591,2.5,3.4,0.738,2.1,6.6,8.7,2.3,0.5,0.6,1.9,2.8,15.2,S22-23,0.620828019,1.256613757,0.75862069,-0.014310024
110,John Collins,PF,24,ATL,54,53,30.8,6.3,11.9,0.526,1.2,3.3,0.364,5.1,8.7,0.588,0.576,2.5,3.1,0.793,1.7,6.1,7.8,1.8,0.6,1,1.1,3,16.2,S21-22,0.638321995,1.279216677,0.782051282,-0.026930536
550,Myles Turner,C,25,IND,42,42,29.4,4.8,9.4,0.509,1.5,4.4,0.333,3.3,5,0.662,0.587,1.9,2.5,0.752,1.5,5.5,7.1,1,0.7,2.8,1.3,2.8,12.9,S21-22,0.646050347,1.252427184,0.788732394,0.132000397
546,Karl-Anthony Towns,C,26,MIN,74,74,33.5,8.7,16.4,0.529,2,4.9,0.41,6.6,11.5,0.58,0.591,5.2,6.3,0.822,2.6,7.2,9.8,3.6,1,1.1,3.1,3.6,24.6,S21-22,0.604835513,1.250508337,0.734693878,-0.121556977
277,Jonathan Kuminga,PF,20,GSW,67,16,20.8,3.9,7.4,0.525,0.8,2.2,0.37,3.1,5.2,0.59,0.579,1.3,2.1,0.652,1,2.4,3.4,1.9,0.6,0.5,1.4,2.3,9.9,S22-23,0.626068376,1.13480055,0.705882353,-0.018130071
392,Bobby Portis,PF,27,MIL,70,22,26,5.7,11.5,0.496,1.4,3.7,0.37,4.3,7.8,0.555,0.555,1.4,1.8,0.768,2.2,7.4,9.6,1.5,0.4,0.2,1.2,1.6,14.1,S22-23,0.650507849,1.248671626,0.770833333,-0.020053775
532,Daniel Theis,C,29,TOT,47,27,20.8,3.2,6.2,0.519,0.7,2.3,0.308,2.5,3.9,0.641,0.576,1,1.5,0.681,1.3,3.6,4.9,0.9,0.4,0.7,1,2.4,8.2,S21-22,0.64469401,1.25,0.734693878,0.062325353
198,Aaron Gordon,PF,26,DEN,75,75,31.7,5.8,11.1,0.52,1.2,3.5,0.335,4.6,7.7,0.605,0.573,2.3,3.1,0.743,1.7,4.2,5.9,2.5,0.6,0.6,1.8,2,15,S21-22,0.6239348,1.193887297,0.711864407,-0.018604547
96,Wendell Carter Jr.,C,22,ORL,62,61,29.9,5.8,11,0.525,1.1,3.5,0.327,4.7,7.6,0.615,0.576,2.3,3.3,0.691,2.2,8.2,10.5,2.8,0.6,0.7,1.9,2.7,15,S21-22,0.618806976,1.234364714,0.79047619,-0.023421227
47,Bol Bol,PF,23,ORL,70,33,21.5,3.7,6.8,0.546,0.4,1.6,0.265,3.3,5.2,0.633,0.577,1.2,1.5,0.759,1,4.8,5.8,1,0.4,1.2,1.6,1.3,9.1,S22-23,0.644752861,1.129032258,0.827586207,-0.031854032
281,Cameron Johnson,PF,25,PHO,66,16,26.2,4.2,9.2,0.46,2.5,5.9,0.425,1.7,3.3,0.523,0.596,1.5,1.7,0.86,0.6,3.5,4.1,1.5,0.9,0.2,0.7,1.7,12.5,S21-22,0.634778912,1.244028662,0.853658537,-0.034675116
188,Rudy Gay,PF,35,UTA,55,1,18.9,2.9,6.9,0.414,1.3,3.7,0.345,1.6,3.2,0.494,0.507,1.1,1.4,0.785,1,3.4,4.4,1,0.5,0.3,0.9,1.7,8.1,S21-22,0.633967499,1.09223301,0.772727273,0.102903671
393,Kristaps Porzi??is,C,27,WAS,65,65,32.6,7.8,15.7,0.498,2.1,5.5,0.385,5.7,10.2,0.559,0.565,5.4,6.4,0.851,1.8,6.6,8.4,2.7,0.9,1.5,2.1,3,23.2,S22-23,0.606755424,1.232993197,0.785714286,0.005455741
143,Joel Embiid,C,28,PHI,66,66,34.6,11,20.1,0.548,1,3,0.33,10,17.1,0.587,0.573,10,11.7,0.857,1.7,8.4,10.2,4.2,1,1.7,3.4,3.1,33.1,S22-23,0.579889807,1.228291524,0.833333333,-0.386492281
121,Jae Crowder,PF,31,PHO,67,67,28.1,3.2,8.1,0.399,1.9,5.4,0.348,1.3,2.7,0.503,0.516,1.1,1.3,0.789,0.4,4.8,5.3,1.9,1.4,0.4,0.8,2.6,9.4,S21-22,0.615641276,1.036155203,0.924528302,0.045927034
235,Jaren Jackson Jr.,C,23,MEM,63,63,28.4,6.6,13,0.506,1.6,4.5,0.355,5,8.6,0.585,0.567,3.8,4.9,0.788,1.7,5,6.8,1,1,3,1.7,3.6,18.6,S22-23,0.644857668,1.227236738,0.75,-0.045185619
459,Isaiah Stewart,C,21,DET,50,47,28.3,3.9,8.8,0.442,1.3,4.1,0.327,2.6,4.7,0.542,0.518,2.2,3,0.738,2.3,5.8,8.1,1.4,0.4,0.7,1.4,2.7,11.3,S22-23,0.616042078,1.225596529,0.716049383,-0.010151675
197,Tobias Harris,PF,30,PHI,74,74,32.9,5.7,11.4,0.501,1.7,4.4,0.389,4,7,0.57,0.575,1.5,1.7,0.876,0.9,4.8,5.7,2.5,0.9,0.5,1.2,2,14.7,S22-23,0.637811634,1.180912596,0.842105263,-0.028093459
560,Moritz Wagner,C,24,ORL,63,3,15.2,3.1,6.3,0.497,1,3.2,0.328,2.1,3.1,0.672,0.581,1.7,2,0.806,0.7,3,3.7,1.4,0.3,0.2,0.9,2,9,S21-22,0.604751994,1.219512195,0.810810811,-0.103977784
519,Lamar Stevens,PF,24,CLE,63,13,16.1,2.5,5.1,0.489,0.3,1,0.277,2.2,4,0.543,0.517,0.8,1.2,0.707,0.7,1.9,2.6,0.7,0.5,0.3,0.7,1.7,6.1,S21-22,0.644266667,1.083866382,0.730769231,-0.01359283
472,Naz Reid,C,22,MIN,77,6,15.8,3,6.2,0.489,0.7,2.2,0.343,2.3,4,0.568,0.549,1.5,1.9,0.765,1.3,2.6,3.9,0.9,0.5,0.9,1.1,2.2,8.3,S21-22,0.629166667,1.214160328,0.666666667,-0.013822182
461,Taurean Prince,PF,27,MIN,69,8,17.1,2.6,5.7,0.454,1.2,3.3,0.376,1.3,2.3,0.565,0.564,0.9,1.2,0.756,0.4,2.1,2.5,1,0.7,0.3,0.8,1.7,7.3,S21-22,0.633382643,1.101388051,0.84,0.007826139
453,Jabari Smith Jr.,PF,19,HOU,79,79,31,4.6,11.3,0.408,1.5,4.9,0.307,3.1,6.3,0.487,0.475,2.1,2.6,0.786,1.5,5.7,7.2,1.3,0.5,0.9,1.3,2.9,12.8,S22-23,0.634412413,1.045409997,0.791666667,-0.068522129
456,Jeremy Sochan,PF,19,SAS,56,53,26,4.5,9.9,0.453,0.6,2.4,0.246,3.9,7.5,0.519,0.483,1.4,2.1,0.698,1.7,3.6,5.3,2.5,0.8,0.4,1.7,2.5,11,S22-23,0.62345679,1.016260163,0.679245283,-0.014644648
1,Precious Achiuwa,C,23,TOR,55,12,20.7,3.6,7.3,0.485,0.5,2,0.269,3,5.4,0.564,0.521,1.6,2.3,0.702,1.8,4.1,6,0.9,0.6,0.5,1.1,1.9,9.2,S22-23,0.638888889,1.208617972,0.7,0.071352154
415,Jusuf Nurki?,C,27,POR,56,56,28.2,5.7,10.7,0.535,0.3,1,0.268,5.5,9.7,0.563,0.548,3.3,4.8,0.69,3,8.1,11.1,2.8,1.1,0.6,2.6,3.4,15,S21-22,0.595567867,1.208507896,0.72972973,-0.046383394
544,Obi Toppin,PF,23,NYK,72,10,17.1,3.5,6.6,0.531,0.7,2.3,0.308,2.8,4.2,0.655,0.586,1.3,1.7,0.758,1,2.8,3.7,1.1,0.3,0.5,0.8,1.4,9,S21-22,0.637482993,1.259093453,0.72972973,-0.010698885
489,Nikola Vu?evi?,C,32,CHI,82,82,33.5,7.3,14,0.52,1.5,4.2,0.349,5.8,9.8,0.594,0.573,1.6,1.9,0.835,1.9,9.1,11,3.2,0.7,0.7,1.7,2.2,17.6,S22-23,0.642647151,1.202514348,0.827272727,-0.005324464
96,John Collins,PF,25,ATL,71,71,30,5.1,10,0.508,1,3.4,0.292,4.1,6.6,0.619,0.557,2,2.5,0.803,1.1,5.4,6.5,1.2,0.6,1,1.1,3.1,13.1,S22-23,0.643598616,1.18018018,0.830769231,-0.048187705
500,P.J. Washington,PF,24,CHO,73,73,32.6,5.9,13.4,0.444,2,5.9,0.348,3.9,7.5,0.518,0.52,1.7,2.4,0.73,1,3.9,4.9,2.4,0.9,1.1,1.5,2.6,15.7,S22-23,0.637364742,1.049745921,0.795918367,0.00383579
3,Bam Adebayo,C,24,MIA,56,56,32.6,7.3,13,0.557,0,0.1,0,7.3,12.9,0.562,0.557,4.6,6.1,0.753,2.4,7.6,10.1,3.4,1.4,0.8,2.6,3.1,19.1,S21-22,0.593294552,1.202467892,0.762376238,-0.094311314
224,Tobias Harris,PF,29,PHI,73,73,34.8,6.8,14,0.482,1.4,3.8,0.367,5.4,10.2,0.525,0.532,2.3,2.8,0.842,1.1,5.7,6.8,3.5,0.6,0.6,1.6,2.2,17.2,S21-22,0.623143743,1.093312993,0.838235294,-0.101329564
409,Georges Niang,PF,28,PHI,76,7,22.8,3.2,7.4,0.437,2.1,5.1,0.403,1.2,2.3,0.511,0.575,0.7,0.8,0.881,0.3,2.3,2.7,1.3,0.4,0.2,0.8,2.5,9.2,S21-22,0.64444987,1.114881241,0.888888889,-0.05488262
45,D?vis Bert?ns,PF,29,TOT,56,0,14.4,1.8,4.9,0.36,1.4,4.1,0.335,0.4,0.8,0.489,0.5,0.6,0.7,0.9,0.2,1.9,2.1,0.6,0.3,0.2,0.3,1.5,5.6,S21-22,0.638888889,1.055011304,0.904761905,-0.053199643
366,Doug McDermott,PF,30,SAS,51,51,24,4.2,9.1,0.462,2.1,5,0.422,2.1,4.1,0.512,0.578,0.8,1,0.784,0.4,1.9,2.3,1.3,0.3,0.1,0.8,1.5,11.3,S21-22,0.651927438,1.136820926,0.826086957,-0.041582905
40,Darius Bazley,PF,21,OKC,69,53,27.9,4,9.4,0.422,1.2,3.9,0.297,2.8,5.5,0.511,0.484,1.7,2.5,0.688,1,5.3,6.3,1.4,0.8,1,1.3,1,10.8,S21-22,0.629479167,1,0.841269841,0.002063606
501,Pascal Siakam,PF,27,TOR,68,68,37.9,8.8,17.8,0.494,1.1,3.2,0.344,7.7,14.5,0.527,0.525,4.2,5.6,0.749,1.9,6.6,8.5,5.3,1.3,0.6,2.7,3.3,22.8,S21-22,0.59480458,1.082415496,0.776470588,-0.109507228
243,Cameron Johnson,PF,26,TOT,42,41,28.5,5.3,11.3,0.47,2.5,6.1,0.404,2.9,5.2,0.548,0.579,2.4,2.9,0.842,0.8,3.6,4.4,1.9,1.2,0.3,0.9,2,15.5,S22-23,0.626082829,1.222783212,0.818181818,-0.012291187
531,Christian Wood,C,27,DAL,67,17,25.9,5.9,11.5,0.515,1.6,4.2,0.376,4.3,7.3,0.594,0.583,3.2,4.2,0.772,1.3,6,7.3,1.8,0.4,1.1,1.8,2.5,16.6,S22-23,0.625299244,1.198729058,0.821917808,-0.117903618
208,Jeff Green,C,35,DEN,75,63,24.7,3.7,7.1,0.524,0.7,2.2,0.315,3,4.8,0.62,0.574,2.2,2.6,0.833,0.5,2.5,3.1,1.3,0.4,0.4,0.9,2,10.3,S21-22,0.614438763,1.191577973,0.838709677,-0.08321897
349,Lauri Markkanen,PF,24,CLE,61,61,30.8,5.1,11.5,0.445,2.2,6.2,0.358,2.9,5.3,0.548,0.542,2.3,2.6,0.868,1,4.7,5.7,1.3,0.7,0.5,0.9,2.1,14.8,S21-22,0.63792772,1.179846939,0.824561404,-0.007700388
127,Anthony Davis,C,28,LAL,40,40,35.1,9.3,17.4,0.532,0.3,1.8,0.186,8.9,15.6,0.571,0.542,4.4,6.1,0.713,2.7,7.2,9.9,3.1,1.2,2.3,2.1,2.4,23.2,S21-22,0.627240143,1.190720591,0.727272727,0.056302476
162,Joel Embiid,C,27,PHI,68,68,33.8,9.8,19.6,0.499,1.4,3.7,0.371,8.4,15.9,0.529,0.534,9.6,11.8,0.814,2.1,9.6,11.7,4.2,1.1,1.5,3.1,2.7,30.6,S21-22,0.561710398,1.186414392,0.820512821,-0.358533572
347,Marcus Morris,PF,33,LAC,65,65,28.1,4.2,9.9,0.426,1.7,4.7,0.364,2.5,5.2,0.484,0.513,1,1.3,0.782,0.4,3.5,4,1.8,0.6,0.3,0.9,2.1,11.2,S22-23,0.641156463,1.020780168,0.9,-0.01188924
3,Bam Adebayo,C,25,MIA,75,75,34.6,8,14.9,0.54,0,0.2,0.083,8,14.7,0.545,0.541,4.3,5.4,0.806,2.5,6.7,9.2,3.2,1.2,0.8,2.5,2.8,20.4,S22-23,0.612916667,1.180828896,0.72826087,-0.131812724
479,Jeremiah Robinson-Earl,C,21,OKC,49,36,22.2,2.7,6.6,0.414,1.2,3.4,0.352,1.6,3.2,0.478,0.503,0.8,1.1,0.741,1.5,4.1,5.6,1,0.6,0.3,0.8,1.5,7.5,S21-22,0.639231824,1.17481203,0.732142857,0.043206673
437,Eric Paschall,PF,25,UTA,58,3,12.7,2,4.1,0.485,0.7,1.9,0.37,1.3,2.2,0.583,0.57,1.1,1.5,0.767,0.5,1.3,1.8,0.6,0.2,0.1,0.5,0.9,5.8,S21-22,0.625416667,1.218487395,0.722222222,0.115627311
31,Harrison Barnes,PF,29,SAC,77,77,33.6,5.1,10.8,0.469,1.8,4.7,0.394,3.2,6.2,0.525,0.554,4.4,5.4,0.826,1.1,4.5,5.6,2.4,0.7,0.2,1.5,1.2,16.4,S21-22,0.565167243,1.208014143,0.803571429,-0.142631617
213,Rui Hachimura,PF,23,WAS,42,13,22.5,4.5,9.1,0.491,1.3,2.9,0.447,3.1,6.1,0.512,0.563,1.1,1.6,0.697,0.6,3.2,3.8,1.1,0.5,0.2,0.8,1.3,11.3,S21-22,0.651728395,1.129548181,0.842105263,-0.068124061
97,Zach Collins,C,25,SAS,63,26,22.9,4.5,8.7,0.518,0.9,2.3,0.374,3.6,6.4,0.571,0.568,1.7,2.3,0.761,1.8,4.5,6.4,2.9,0.6,0.8,2,3.2,11.6,S22-23,0.605802469,1.170298628,0.71875,0.025641488
14,Carmelo Anthony,PF,37,LAL,69,3,26,4.6,10.5,0.441,2.2,5.8,0.375,2.5,4.7,0.521,0.544,1.9,2.3,0.83,0.9,3.3,4.2,1,0.7,0.8,0.9,2.4,13.3,S21-22,0.644218652,1.155316192,0.785714286,0.001998459
595,Christian Wood,C,26,HOU,68,67,30.8,6.5,12.9,0.501,1.9,4.9,0.39,4.5,8,0.57,0.576,3,4.9,0.623,1.6,8.5,10.1,2.3,0.8,1,1.9,2.5,17.9,S21-22,0.625838264,1.165668143,0.841584158,-0.06485257
367,Jusuf Nurki?,C,28,POR,52,52,26.8,5,9.7,0.519,0.8,2.3,0.361,4.2,7.4,0.567,0.561,2.4,3.7,0.661,2.2,6.9,9.1,2.9,0.8,0.8,2.3,3.6,13.3,S22-23,0.597066667,1.16380819,0.758241758,0.007251086
376,Kelly Olynyk,C,31,UTA,68,68,28.6,4.1,8.2,0.499,1.4,3.5,0.394,2.7,4.7,0.576,0.583,2.9,3.4,0.853,1.2,5,6.2,3.7,0.9,0.5,2.5,3.4,12.5,S22-23,0.507089034,1.13677701,0.806451613,-0.03758278
427,Kelly Olynyk,C,30,DET,40,1,19.1,3.2,7.2,0.448,1,3,0.336,2.2,4.2,0.527,0.517,1.7,2.2,0.775,1.4,3.1,4.4,2.8,0.8,0.5,1.5,2.5,9.1,S21-22,0.550455729,1.100628931,0.681818182,0.15270087
442,Pascal Siakam,C,28,TOR,71,71,37.4,8.9,18.5,0.48,1.3,4,0.324,7.6,14.5,0.523,0.515,5.2,6.7,0.774,1.8,6,7.8,5.8,0.9,0.5,2.4,3.2,24.2,S22-23,0.571476665,1.097605225,0.769230769,-0.151077613
339,Kevin Love,PF,33,CLE,74,4,22.5,4.4,10.3,0.43,2.5,6.4,0.392,1.9,3.8,0.493,0.553,2.2,2.7,0.838,1.2,6.1,7.2,2.2,0.4,0.2,1.3,1.4,13.6,S21-22,0.604166667,1.173627891,0.833333333,-0.080962733
1,Precious Achiuwa,C,22,TOR,73,28,23.6,3.6,8.3,0.439,0.8,2.1,0.359,2.9,6.1,0.468,0.486,1.1,1.8,0.595,2,4.5,6.5,1.1,0.5,0.6,1.2,2.1,9.1,S21-22,0.643325617,1.097443319,0.692307692,0.009611797
185,Rui Hachimura,PF,24,TOT,63,9,23.3,4.5,9.3,0.486,0.8,2.5,0.319,3.7,6.7,0.55,0.53,1.4,1.9,0.739,0.8,3.7,4.5,0.9,0.3,0.4,0.8,1.1,11.2,S22-23,0.651111111,1.104972376,0.822222222,-0.029607569
172,Jerami Grant,PF,28,POR,63,63,35.7,6.9,14.5,0.475,2.3,5.7,0.401,4.6,8.8,0.523,0.554,4.4,5.4,0.813,0.8,3.7,4.5,2.4,0.8,0.8,1.8,2.4,20.5,S22-23,0.611216131,1.146788991,0.822222222,-0.136835733
67,Miles Bridges,PF,23,CHO,80,80,35.5,7.5,15.2,0.491,1.9,5.8,0.331,5.5,9.4,0.59,0.554,3.3,4.2,0.802,1.1,5.9,7,3.8,0.9,0.8,1.9,2.4,20.2,S21-22,0.610933333,1.131779471,0.842857143,-0.099890143
393,Marcus Morris,PF,32,LAC,54,54,29,5.6,12.8,0.434,1.9,5.1,0.367,3.7,7.7,0.478,0.507,2.4,2.7,0.872,0.5,3.9,4.4,2.1,0.5,0.3,1.3,2.1,15.4,S21-22,0.626488095,1.041384907,0.886363636,-0.172543535
51,Nemanja Bjelica,C,33,GSW,71,0,16.1,2.3,4.8,0.468,0.8,2.1,0.362,1.5,2.7,0.549,0.547,0.8,1.1,0.728,0.9,3.3,4.1,2.2,0.6,0.4,1.2,1.8,6.1,S21-22,0.583490863,1.092406877,0.780487805,0.1042659
118,DeMarcus Cousins,C,31,TOT,48,7,15,3.1,6.8,0.46,0.8,2.5,0.303,2.3,4.2,0.554,0.517,2,2.6,0.76,1.5,4.1,5.6,1.5,0.7,0.4,1.8,2.9,9,S21-22,0.588622962,1.091703057,0.732142857,-0.020032231
319,Kyle Kuzma,PF,26,WAS,66,66,33.4,6.4,14.2,0.452,1.9,5.7,0.341,4.5,8.5,0.526,0.52,2.4,3.3,0.712,1.1,7.4,8.5,3.5,0.6,0.9,2.6,1.9,17.1,S21-22,0.615397135,0.996968284,0.870588235,-0.095880827
343,Trey Lyles,PF,26,TOT,75,23,20.5,3.5,7.5,0.466,0.9,2.8,0.321,2.6,4.7,0.552,0.526,2.6,3.2,0.802,1.2,3.9,5.1,1.2,0.4,0.4,1,1.6,10.5,S21-22,0.602993197,1.205787781,0.764705882,-0.048305692
55,Bojan Bogdanovi?,PF,32,UTA,69,69,30.9,6.1,13.4,0.455,2.6,6.8,0.387,3.5,6.7,0.524,0.552,3.2,3.8,0.858,0.8,3.4,4.3,1.7,0.5,0,1.7,1.7,18.1,S21-22,0.630117352,1.133233158,0.813953488,-0.115208368
467,Julius Randle,PF,27,NYK,72,72,35.3,7.1,17.3,0.411,1.7,5.4,0.308,5.4,11.9,0.458,0.459,4.2,5.6,0.756,1.7,8.2,9.9,5.1,0.7,0.5,3.4,2.8,20.1,S21-22,0.560437744,0.936451733,0.828282828,-0.171316858
182,Danilo Gallinari,PF,33,ATL,66,18,25.3,3.9,9,0.434,1.7,4.5,0.381,2.2,4.6,0.485,0.528,2.1,2.4,0.904,0.5,4.1,4.7,1.5,0.4,0.2,0.6,1.4,11.7,S21-22,0.614891519,1.152028358,0.893617021,-0.04956099
27,Harrison Barnes,PF,30,SAC,82,82,32.5,4.6,9.6,0.473,1.6,4.3,0.374,3,5.3,0.553,0.556,4.3,5,0.847,1.1,3.4,4.5,1.6,0.7,0.1,1,1.3,15,S22-23,0.585381222,1.282051282,0.755555556,-0.076680009
270,Jaren Jackson Jr.,PF,22,MEM,78,78,27.3,5.5,13.3,0.415,1.6,5.1,0.319,3.9,8.1,0.476,0.477,3.6,4.4,0.823,1.5,4.3,5.8,1.1,0.9,2.3,1.7,3.5,16.3,S21-22,0.633939394,1.05597305,0.74137931,-0.101110175
343,Trey Lyles,PF,26,DET,51,3,19.4,3.4,7.5,0.456,0.9,2.9,0.301,2.6,4.7,0.55,0.513,2.7,3.5,0.784,1.2,3.6,4.8,1.1,0.4,0.5,1.1,1.8,10.4,S21-22,0.602436563,1.163310962,0.75,-0.021325953
455,Kristaps Porzi??is,PF,26,TOT,51,51,29,6.9,15,0.459,1.5,4.9,0.31,5.4,10.1,0.532,0.51,4.9,5.6,0.867,2,6.1,8.1,2.3,0.7,1.6,1.6,2.7,20.2,S21-22,0.607487923,1.183778715,0.75308642,-0.064862897
405,Julius Randle,PF,28,NYK,77,77,35.5,8.5,18.6,0.459,2.8,8.3,0.343,5.7,10.3,0.553,0.536,5.2,6.9,0.757,1.8,8.1,10,4.1,0.6,0.3,2.8,3,25.1,S22-23,0.59289504,1.108853154,0.82,-0.188286099
278,Kyle Kuzma,PF,27,WAS,64,64,35,8,17.8,0.448,2.5,7.5,0.333,5.5,10.3,0.533,0.518,2.7,3.7,0.73,0.9,6.4,7.2,3.7,0.6,0.5,3,2.3,21.2,S22-23,0.627643229,0.984764028,0.875,-0.159305675
497,Alperen ï¿½ï¿½en,C,19,HOU,72,13,20.7,3.5,7.3,0.474,0.4,1.6,0.248,3.1,5.7,0.539,0.502,2.3,3.2,0.711,1.9,3.5,5.5,2.6,0.8,0.9,2,3,9.6,S21-22,0.54462585,1.089918256,0.654545455,0.079652608
239,LeBron James,PF,38,LAL,55,54,35.5,11.1,22.2,0.5,2.2,6.9,0.321,8.9,15.3,0.58,0.549,4.6,5.9,0.768,1.2,7.1,8.3,6.8,0.9,0.6,3.2,1.6,28.9,S22-23,0.603197792,1.078519182,0.855421687,-0.137339045
23,Paolo Banchero,PF,20,ORL,72,72,33.8,6.7,15.6,0.427,1.2,4,0.298,5.5,11.6,0.471,0.465,5.5,7.4,0.738,1.2,5.7,6.9,3.7,0.8,0.5,2.8,2.2,20,S22-23,0.553334076,0.977708252,0.826086957,-0.207292545
201,Jerami Grant,PF,27,DET,47,47,31.9,6.3,14.9,0.426,1.9,5.4,0.358,4.4,9.5,0.465,0.491,4.6,5.5,0.838,0.6,3.5,4.1,2.4,0.9,1,1.8,2.3,19.2,S21-22,0.59712774,1.036717063,0.853658537,-0.151575302
137,Kevin Durant,PF-SF,34,TOT,47,47,35.6,10.3,18.3,0.56,2,4.9,0.404,8.3,13.4,0.617,0.614,6.5,7.1,0.919,0.4,6.3,6.7,5,0.7,1.4,3.3,2.1,29.1,S22-23,0.590080749,1.196349285,0.940298507,-0.143430654
12,Giannis Antetokounmpo,PF,27,MIL,67,67,32.9,10.3,18.6,0.553,1.1,3.6,0.293,9.2,15,0.616,0.582,8.3,11.4,0.722,2,9.6,11.6,5.8,1.1,1.4,3.3,3.2,29.9,S21-22,0.553225249,1.200032108,0.827586207,-0.195288152
154,Kevin Durant,PF,33,BRK,55,55,37.2,10.5,20.3,0.518,2.1,5.5,0.383,8.4,14.8,0.568,0.57,6.8,7.4,0.91,0.5,6.9,7.4,6.4,0.9,0.9,3.5,2.1,29.9,S21-22,0.567981859,1.125922579,0.932432432,-0.253063103
46,Bojan Bogdanovi?,PF,33,DET,59,59,32.1,7.3,14.9,0.488,2.5,6,0.411,4.8,9,0.539,0.57,4.5,5.1,0.884,0.6,3.2,3.8,2.6,0.6,0.1,2.3,1.9,21.6,S22-23,0.61177832,1.146253449,0.842105263,-0.135070863
465,Jayson Tatum,PF,24,BOS,74,74,36.9,9.8,21.1,0.466,3.2,9.3,0.35,6.6,11.8,0.558,0.543,7.2,8.4,0.854,1.1,7.7,8.8,4.6,1.1,0.7,2.9,2.2,30.1,S22-23,0.580452589,1.131749135,0.875,-0.298049422
557,Nikola Vu?evi?,C,31,CHI,73,73,33.1,7.5,15.8,0.473,1.4,4.5,0.314,6.1,11.3,0.537,0.518,1.3,1.7,0.76,1.9,9.1,11,3.2,1,1,1.9,2.5,17.6,S21-22,0.648177778,1.063572637,0.827272727,0.050685514
134,DeMar DeRozan,PF,32,CHI,76,76,36.1,10.2,20.2,0.504,0.7,1.9,0.352,9.5,18.3,0.52,0.521,6.8,7.8,0.877,0.7,4.4,5.2,4.9,0.9,0.3,2.4,2.3,27.9,S21-22,0.586601307,1.101373757,0.865384615,-0.190683123
11,Giannis Antetokounmpo,PF,28,MIL,63,63,32.1,11.2,20.3,0.553,0.7,2.7,0.275,10.5,17.6,0.596,0.572,7.9,12.3,0.645,2.2,9.6,11.8,5.7,0.8,0.8,3.9,3.1,31.1,S22-23,0.576922566,1.134539618,0.813559322,-0.365581892
376,Chimezie Metu,C,24,SAC,60,20,21.3,3.4,7.5,0.452,1,3.1,0.306,2.4,4.4,0.555,0.516,1.2,1.5,0.78,0.6,5,5.6,1,0.9,0.5,1,1.6,8.9,S21-22,0.64071511,1.039719626,0.892857143,-0.093628373
