Rk,Player,Pos,Age,Tm,G,PER,TS%,3PAr,FTr,ORB%,DRB%,TRB%,AST%,STL%,BLK%,TOV%,USG%,OWS,DWS,WS,WS/48,OBPM,DBPM,BPM,VORP,GS,MP,FG,FGA,FG%,3P,3PA,3P%,2P,2PA,2P%,eFG%,FT,FTA,FT%,ORB,DRB,TRB,AST,STL,BLK,TOV,PF,PTS
2,Steven Adams,C,29,MEM,42,17.5,0.564,0.004,0.49,20.1,25.3,22.7,11.2,1.5,3.7,19.8,14.6,1.3,2.1,3.4,0.144,-0.3,0.9,0.6,0.7,42,27,3.7,6.3,0.597,0,0,0,3.7,6.2,0.599,0.597,1.1,3.1,0.364,5.1,6.5,11.5,2.3,0.9,1.1,1.9,2.3,8.6
19,Marvin Bagley III,C,23,DET,42,17.2,0.587,0.173,0.283,10.2,20.2,15.1,5.9,0.9,2.7,9.7,20.4,1.3,0.7,2,0.095,0.3,-1.2,-0.9,0.3,25,23.6,4.8,9.1,0.529,0.5,1.6,0.288,4.4,7.5,0.579,0.554,1.9,2.6,0.75,2.2,4.2,6.4,0.9,0.5,0.7,1.1,1.9,12
206,Juancho Hernangómez,PF,27,TOR,42,7.6,0.504,0.588,0.14,4.6,19.1,11.3,5.2,1.3,0.9,11,9.4,0.1,0.6,0.7,0.053,-3.5,0.2,-3.3,-0.2,10,14.6,1.1,2.7,0.421,0.4,1.6,0.254,0.7,1.1,0.66,0.496,0.2,0.4,0.563,0.6,2.3,2.9,0.6,0.4,0.1,0.4,1,2.9
216,Richaun Holmes,C,29,SAC,42,12.9,0.668,0.09,0.213,9.6,16.6,13.1,3.5,0.4,2.8,12.6,13.7,0.6,0.3,0.8,0.113,-2,-0.9,-2.9,-0.1,1,8.3,1.3,2.1,0.618,0.1,0.2,0.625,1.2,1.9,0.617,0.646,0.4,0.5,0.789,0.7,1.2,1.9,0.2,0.1,0.3,0.3,1.2,3.1
225,Bones Hyland,PG,22,DEN,42,14.5,0.54,0.555,0.189,1.4,10.4,6,22,1.7,1.4,12.5,28.5,0.1,0.8,0.9,0.051,0.6,-1.4,-0.8,0.3,1,19.5,4.1,10.3,0.399,2.2,5.7,0.378,2,4.6,0.425,0.503,1.7,2,0.866,0.2,1.8,2,3,0.7,0.3,1.6,1.6,12.1
243,Cameron Johnson,PF,26,TOT,42,17.1,0.617,0.538,0.253,3.2,14,8.6,9.6,2,1,6.6,20.6,2.1,1.4,3.5,0.142,2,0.6,2.6,1.4,41,28.5,5.3,11.3,0.47,2.5,6.1,0.404,2.9,5.2,0.548,0.579,2.4,2.9,0.842,0.8,3.6,4.4,1.9,1.2,0.3,0.9,2,15.5
271,Kevin Knox,SF,23,DET,42,10.3,0.612,0.648,0.184,3.6,17,10.1,3.7,1.1,1.8,14.2,16.2,0.2,0.3,0.5,0.043,-2.1,-0.6,-2.8,-0.1,1,14.1,2,4.3,0.469,1,2.8,0.371,1,1.5,0.651,0.589,0.6,0.8,0.788,0.5,2.1,2.6,0.4,0.3,0.3,0.8,1.8,5.6
325,JaVale McGee,C,35,DAL,42,17.2,0.65,0.04,0.328,9.7,25.5,17.5,5.2,0.6,6.5,20.1,22.8,0.1,0.5,0.6,0.076,-3.6,-0.1,-3.7,-0.1,7,8.5,1.9,3,0.64,0,0.1,0.4,1.9,2.9,0.65,0.648,0.6,1,0.585,0.7,1.8,2.5,0.3,0.1,0.6,0.9,1.3,4.4
375,Victor Oladipo,SG,30,MIA,42,10.6,0.513,0.526,0.196,1.6,12.3,6.8,19.8,2.6,1.1,16.6,21.1,-0.9,1.5,0.6,0.024,-2.9,0.8,-2.1,0,2,26.3,3.8,9.6,0.397,1.7,5,0.33,2.1,4.5,0.471,0.484,1.4,1.9,0.747,0.4,2.7,3,3.5,1.4,0.3,2.1,2.4,10.7
413,Josh Richardson,SG,29,SAS,42,13.6,0.556,0.51,0.148,3.2,10.1,6.5,19.3,1.9,0.9,12.7,20.5,0.6,0.4,1,0.047,-0.1,-1,-1.1,0.2,6,23.7,4.2,9.7,0.436,1.8,4.9,0.357,2.5,4.7,0.518,0.527,1.3,1.4,0.883,0.7,2.1,2.8,3.3,1,0.3,1.5,1.7,11.5
415,Duncan Robinson,SF,28,MIA,42,7.8,0.534,0.81,0.135,1.3,10.7,5.9,9.7,1,0,10,17.9,-0.1,0.6,0.5,0.035,-3.5,-1.5,-5,-0.5,1,16.5,2.1,5.6,0.371,1.5,4.6,0.328,0.6,1.1,0.556,0.504,0.7,0.8,0.906,0.2,1.5,1.6,1.1,0.3,0,0.7,1.8,6.4
419,Isaiah Roby,PF,24,SAS,42,9.3,0.497,0.387,0.265,4.7,20.6,12.3,10.7,1.8,1.2,15.2,17.8,-0.4,0.3,-0.1,-0.011,-4,-0.6,-4.6,-0.3,2,11.3,1.6,3.7,0.432,0.4,1.4,0.3,1.2,2.3,0.516,0.49,0.5,1,0.488,0.5,2,2.5,0.9,0.4,0.2,0.7,1.3,4.1
423,Terrence Ross,SG,31,ORL,42,8.6,0.543,0.535,0.067,1.2,9,5.1,8.1,1.3,0.8,10.7,15.7,-0.1,0.7,0.6,0.032,-2.7,-0.4,-3.1,-0.3,9,22.5,3.1,7.1,0.431,1.5,3.8,0.381,1.6,3.3,0.489,0.533,0.4,0.5,0.75,0.2,1.8,2,1.3,0.6,0.2,0.9,1.3,8
444,Ben Simmons,PG,26,BRK,42,13.4,0.559,0.009,0.243,4.2,22.2,13.4,31.3,2.4,1.9,27.2,14.3,0.5,1.7,2.2,0.097,-2.2,2.6,0.4,0.7,33,26.3,3.2,5.6,0.566,0,0,0,3.2,5.5,0.571,0.566,0.6,1.4,0.439,1,5.3,6.3,6.1,1.3,0.6,2.3,3.3,6.9
498,T.J. Warren,PF-SF,29,TOT,42,13.5,0.55,0.248,0.13,4.2,15.4,9.8,8.7,1.6,1.5,6.5,19.5,0.4,0.8,1.2,0.081,-1.7,-0.2,-2,0,0,16.4,3.1,6.4,0.489,0.5,1.6,0.328,2.6,4.8,0.542,0.53,0.7,0.8,0.8,0.6,2.3,2.9,1,0.5,0.3,0.5,1.5,7.5
34,Darius Bazley,C,22,TOT,43,13.1,0.524,0.29,0.383,5.8,18.5,12.1,8.3,1.7,5.1,11.2,16.4,0.1,0.9,1,0.078,-2,1,-1,0.2,1,14.3,1.9,4.3,0.454,0.5,1.2,0.377,1.5,3,0.485,0.508,0.9,1.6,0.543,0.8,2.4,3.2,0.9,0.5,0.8,0.6,1,5.2
99,Mike Conley,PG,35,UTA,43,13.9,0.552,0.568,0.256,1.5,7.5,4.5,34,1.6,0.7,15.1,16.1,2.2,0.8,3,0.113,0.7,-0.5,0.2,0.7,42,29.7,3.6,8.7,0.408,1.8,5,0.362,1.8,3.8,0.469,0.511,1.8,2.2,0.813,0.4,2.1,2.5,7.7,1,0.2,1.7,2.2,10.7
281,Romeo Langford,SG,23,SAS,43,10.4,0.524,0.236,0.216,7.1,7.7,7.4,7.9,1.3,1.3,9.6,15.4,0.3,0.2,0.5,0.029,-2.6,-1.5,-4.2,-0.5,21,19.6,2.8,6,0.467,0.4,1.4,0.262,2.4,4.6,0.53,0.498,0.9,1.3,0.696,1.3,1.3,2.7,1.2,0.6,0.3,0.7,1.6,6.9
303,Sandro Mamukelashvili,C,23,TOT,43,13.4,0.516,0.43,0.248,11.2,19,15.1,12.8,1,1.5,12.1,18.2,0.4,0.5,0.9,0.063,-1.1,-1.3,-2.4,-0.1,7,15.3,2.3,5.3,0.422,0.7,2.3,0.303,1.6,3,0.511,0.487,0.9,1.3,0.684,1.6,2.7,4.3,1.4,0.3,0.3,0.8,1.2,6.1
328,Jordan McLaughlin,PG,26,MIN,43,11.8,0.526,0.538,0.124,2.5,7.6,5.1,27.4,2.2,0.5,17.7,11.7,0.7,0.6,1.3,0.094,-1.3,0.6,-0.7,0.2,0,15.8,1.4,3.4,0.421,0.6,1.8,0.308,0.9,1.6,0.552,0.503,0.3,0.4,0.833,0.3,1.1,1.4,3.4,0.7,0.1,0.8,0.7,3.7
354,Mike Muscala,C,31,OKC,43,13.8,0.602,0.7,0.192,3.9,19.7,11.6,8.2,0.8,2.8,6,15.7,1,0.7,1.7,0.134,0.3,-0.1,0.1,0.3,5,14.5,2.1,4.7,0.438,1.3,3.3,0.394,0.8,1.4,0.541,0.576,0.7,0.9,0.795,0.5,2.6,3.1,0.9,0.3,0.4,0.3,1.6,6.2
408,Davon Reed,SG,27,TOT,43,6.2,0.471,0.548,0.286,3.4,16,9.9,8.2,2.1,1,17.5,14.5,-0.4,0.4,0.1,0.008,-5.4,0,-5.3,-0.3,1,8,0.7,2,0.333,0.4,1.1,0.37,0.3,0.9,0.289,0.435,0.4,0.6,0.667,0.2,1.1,1.4,0.5,0.3,0.1,0.5,0.9,2.1
418,Jeremiah Robinson-Earl,PF,22,OKC,43,13,0.548,0.448,0.169,9.2,14.7,11.9,7,1.4,1.2,6.7,14.6,1.1,0.8,1.9,0.111,-0.8,-0.7,-1.5,0.1,20,18.9,2.6,5.8,0.444,0.9,2.6,0.333,1.7,3.2,0.533,0.518,0.8,1,0.833,1.7,2.5,4.2,1,0.6,0.3,0.4,1.7,6.8
452,Ish Smith,PG,34,DEN,43,6.5,0.407,0.092,0.031,1.5,13.8,7.8,32.5,1,1.6,24.9,19.3,-0.8,0.4,-0.5,-0.056,-5.5,-1.1,-6.6,-0.5,0,9.3,1.2,3,0.397,0,0.3,0.167,1.2,2.8,0.42,0.405,0,0.1,0.5,0.1,1.1,1.3,2.3,0.2,0.2,1,0.8,2.5
522,Mark Williams,C,21,CHO,43,19.8,0.659,0,0.386,11.7,27.7,19.6,3.3,1.6,4.7,12,17,1.5,1.3,2.8,0.163,-0.5,0.6,0.1,0.4,17,19.3,3.7,5.8,0.637,0,0,,3.7,5.8,0.637,0.637,1.6,2.3,0.691,2.2,4.9,7.1,0.4,0.7,1,0.9,2.2,9
302,Théo Maledon,PG,21,CHO,44,11.6,0.515,0.374,0.291,1.7,13.9,7.7,24.2,2.1,1.2,17.1,17,0,0.9,0.8,0.047,-3,0.5,-2.5,-0.1,7,19.4,2.3,5.8,0.402,0.6,2.2,0.295,1.7,3.6,0.465,0.457,1.4,1.7,0.851,0.3,2.5,2.8,3.5,0.8,0.3,1.3,1.4,6.7
490,Dean Wade,PF,26,CLE,44,8.5,0.55,0.718,0.13,2.6,17.2,9.9,5.4,1.6,2.2,8.3,10.2,0.4,1.4,1.8,0.097,-2.9,2.1,-0.7,0.3,13,20.3,1.7,4,0.412,1,2.9,0.354,0.6,1.1,0.56,0.54,0.3,0.5,0.652,0.5,3,3.4,0.8,0.6,0.5,0.4,2,4.7
38,Dāvis Bertāns,PF,30,DAL,45,11.9,0.618,0.881,0.094,2.3,10.3,6.3,6.2,1.1,1.5,5.7,16.2,0.6,0.3,0.9,0.09,0,-1.3,-1.2,0.1,1,10.9,1.5,3.6,0.431,1.2,3.1,0.39,0.3,0.4,0.737,0.603,0.3,0.3,0.867,0.2,1,1.2,0.5,0.2,0.2,0.2,1.2,4.6
39,Patrick Beverley,SG,34,LAL,45,8.3,0.548,0.656,0.207,2.2,9.9,6.2,12.1,1.6,1.7,13.8,10.6,0.5,1.3,1.8,0.071,-3.2,1.4,-1.8,0.1,45,26.9,2.2,5.4,0.402,1.2,3.5,0.348,0.9,1.8,0.506,0.517,0.9,1.1,0.78,0.5,2.6,3.1,2.6,0.9,0.6,0.9,2.8,6.4
229,Brandon Ingram,SF,25,NOP,45,19.2,0.582,0.196,0.326,1.7,16.4,9.1,28.1,1,1.2,13.4,30.8,1.8,1.7,3.5,0.108,2.2,-0.4,1.7,1.4,45,34.2,9,18.6,0.484,1.4,3.6,0.39,7.6,14.9,0.507,0.522,5.3,6,0.882,0.5,5,5.5,5.8,0.7,0.4,3.3,2.6,24.7
240,Ty Jerome,SG,25,GSW,45,12.8,0.594,0.372,0.169,1,9.4,5.3,22.1,1.3,0.5,10.3,14.9,1.4,0.7,2.1,0.124,-1.1,0.3,-0.8,0.3,2,18.1,2.6,5.4,0.488,0.8,2,0.389,1.8,3.4,0.546,0.56,0.8,0.9,0.927,0.2,1.6,1.7,3,0.5,0.1,0.7,1.4,6.9
313,Garrison Mathews,SG,26,HOU,45,9.1,0.564,0.912,0.265,1.8,9.6,5.7,5.1,1.9,0.6,8.7,14.3,0.5,0.2,0.7,0.058,-2.3,-0.2,-2.5,-0.1,0,13.4,1.3,3.8,0.353,1.2,3.4,0.342,0.2,0.3,0.467,0.509,0.9,1,0.911,0.2,1.2,1.4,0.5,0.5,0.1,0.4,1.2,4.8
530,James Wiseman,C,21,TOT,45,15.6,0.589,0.059,0.286,9.2,25.2,17,5.5,0.4,2.7,11.8,21.2,0.7,0.7,1.4,0.077,-2.1,-1.4,-3.5,-0.3,22,19.3,4.2,7.5,0.558,0.1,0.4,0.2,4.1,7.1,0.58,0.563,1.5,2.2,0.701,1.6,4.3,5.9,0.7,0.2,0.6,1.1,2.4,10
134,Chris Duarte,SF,25,IND,46,8.6,0.496,0.523,0.216,2.4,11.9,7.1,9.7,1.3,0.9,10.1,19,-0.5,0.4,0,-0.003,-2.9,-1.6,-4.5,-0.6,12,19.5,2.7,7.2,0.369,1.2,3.8,0.316,1.5,3.5,0.428,0.452,1.3,1.6,0.847,0.4,2.1,2.5,1.4,0.5,0.2,0.9,1.4,7.9
211,George Hill,PG-SG,36,TOT,46,10.6,0.61,0.572,0.331,2,8.6,5.4,16.7,1.5,0.6,15.2,11.3,1.1,0.8,1.9,0.107,-2.4,0.9,-1.5,0.1,1,18.1,1.7,3.6,0.47,0.7,2.1,0.358,1,1.5,0.62,0.572,0.9,1.2,0.764,0.3,1.5,1.8,2.4,0.6,0.1,0.7,1.2,5
215,Justin Holiday,SF,33,TOT,46,6.6,0.494,0.701,0.039,0.8,8.1,4.4,7.5,1.3,2.3,9.6,14.1,-0.4,0.5,0.1,0.008,-3.7,-0.1,-3.9,-0.3,2,15.3,1.7,4.4,0.377,1,3.1,0.322,0.7,1.3,0.508,0.49,0.1,0.2,0.625,0.1,1.1,1.2,0.9,0.4,0.4,0.5,1.5,4.5
228,Joe Ingles,SF,35,MIL,46,10.7,0.616,0.819,0.085,1.4,11.1,6.4,18.4,1.5,0.5,17.6,12.6,1.1,1.2,2.3,0.107,-1.6,0.8,-0.7,0.3,0,22.7,2.3,5.4,0.435,1.8,4.4,0.409,0.5,1,0.556,0.603,0.4,0.5,0.857,0.3,2.5,2.8,3.3,0.7,0.1,1.2,1.6,6.9
254,Kai Jones,C,22,CHO,46,10.8,0.597,0.158,0.217,7,17,11.9,3.7,1.5,4.7,19.1,12.4,0,0.7,0.7,0.062,-4.8,0.8,-4,-0.3,0,12,1.5,2.6,0.558,0.1,0.4,0.211,1.4,2.2,0.624,0.575,0.4,0.6,0.731,0.8,1.9,2.7,0.3,0.4,0.7,0.7,1.4,3.4
326,Bryce McGowens,SG,20,CHO,46,7.2,0.519,0.396,0.396,2.7,10.1,6.3,9.1,0.9,0.7,15.3,15,-0.4,0.4,0.1,0.005,-4.6,-1.4,-6,-0.8,7,17.1,1.7,4.4,0.396,0.6,1.7,0.325,1.2,2.7,0.443,0.46,1.3,1.7,0.75,0.4,1.6,2,1.2,0.3,0.1,0.9,1,5.3
386,Jakob Poeltl,C,27,SAS,46,19.7,0.625,0.003,0.332,13.3,25,18.9,17,1.4,3.6,17.8,18.6,1.8,1.1,2.9,0.115,0.5,0.4,0.9,0.9,46,26.1,5.2,8.4,0.616,0,0,0,5.2,8.4,0.618,0.616,1.7,2.8,0.605,3.3,5.7,9,3.1,0.8,1.1,2.1,2.6,12.1
137,Kevin Durant,PF,34,TOT,47,25.9,0.677,0.267,0.387,1.2,19.5,10.5,24.5,1,3.4,13.4,30.7,4.7,2.1,6.8,0.194,6,1.2,7.1,3.9,47,35.6,10.3,18.3,0.56,2,4.9,0.404,8.3,13.4,0.617,0.614,6.5,7.1,0.919,0.4,6.3,6.7,5,0.7,1.4,3.3,2.1,29.1
170,Eric Gordon,SG,34,HOU,47,11.4,0.572,0.513,0.282,0.9,6.7,3.8,13.8,1,1.2,13.4,18.1,1,0.1,1.1,0.037,-0.9,-1.7,-2.6,-0.2,47,30.2,4.5,10.2,0.439,1.8,5.2,0.347,2.7,5,0.536,0.528,2.3,2.9,0.815,0.3,1.8,2.1,2.9,0.6,0.4,1.8,1,13.1
188,R.J. Hampton,SG,21,TOT,47,10.8,0.558,0.489,0.321,2.6,10.5,6.5,10.4,1.7,1.1,13.4,17.8,0.1,0.5,0.7,0.042,-2.3,-0.6,-2.9,-0.2,3,16,2.2,5,0.43,0.9,2.5,0.353,1.3,2.6,0.504,0.517,1.2,1.6,0.75,0.4,1.5,1.9,1.1,0.6,0.2,0.9,1.1,6.4
203,Jaxson Hayes,C,22,NOP,47,13.7,0.605,0.186,0.532,7.3,17.3,12.3,7.7,1.6,3,13.9,15.7,0.6,0.9,1.5,0.118,-2.2,1,-1.2,0.1,2,13,1.8,3.3,0.551,0.1,0.6,0.103,1.8,2.7,0.654,0.561,1.2,1.8,0.699,0.8,2,2.8,0.7,0.4,0.4,0.7,1.4,5
365,Frank Ntilikina,SG,24,DAL,47,5.2,0.461,0.508,0.25,1.3,10.7,5.9,12.8,1.3,1,16.5,13.1,-0.5,0.4,-0.1,-0.01,-6.1,-0.7,-6.7,-0.7,5,12.9,1,2.8,0.364,0.4,1.4,0.254,0.7,1.4,0.477,0.428,0.5,0.7,0.667,0.1,1.2,1.3,1.2,0.3,0.1,0.6,1.4,2.9
102,Robert Covington,PF,32,LAC,48,14.2,0.584,0.594,0.175,4.5,19.2,11.9,10.2,2.4,3.7,11.5,15.6,0.7,1.2,1.9,0.117,-0.5,2.1,1.7,0.7,0,16.2,2.1,4.8,0.445,1.1,2.8,0.397,1,1.9,0.516,0.563,0.6,0.8,0.75,0.6,2.8,3.5,1.2,0.8,0.7,0.7,1.8,6
191,Jaden Hardy,SG,20,DAL,48,14.6,0.571,0.468,0.237,1.8,13,7.3,14.9,1.2,0.9,11.1,26.4,0.2,0.5,0.7,0.048,-0.4,-1.9,-2.3,0,5,14.8,3,6.9,0.438,1.3,3.3,0.404,1.7,3.7,0.469,0.533,1.4,1.6,0.823,0.2,1.6,1.9,1.4,0.4,0.1,1,1.3,8.8
194,Gary Harris,SG,28,ORL,48,10.5,0.62,0.71,0.098,2,7.4,4.7,6.9,1.8,1,8,12.6,1.3,1.1,2.3,0.095,-1.4,0.7,-0.7,0.4,42,24.7,2.9,6.4,0.45,2,4.5,0.431,0.9,1.9,0.494,0.603,0.6,0.6,0.9,0.4,1.6,2,1.2,0.9,0.3,0.6,1.9,8.3
359,Raul Neto,PG,30,CLE,48,12.6,0.628,0.382,0.309,2.3,8.4,5.4,21,1.7,0.7,16.1,13.2,0.8,0.6,1.5,0.142,-1.7,1.5,-0.2,0.2,1,10.5,1.2,2.3,0.518,0.3,0.9,0.286,0.9,1.4,0.662,0.573,0.6,0.7,0.912,0.2,0.8,1,1.6,0.4,0.1,0.5,1,3.3
379,Kelly Oubre Jr.,SF,27,CHO,48,14.8,0.534,0.414,0.254,4.4,12.9,8.6,5.6,2.1,1,6.6,26.5,0.1,1.5,1.7,0.051,-0.4,-0.7,-1.1,0.3,40,32.3,7.4,17.1,0.431,2.3,7.1,0.319,5.1,10,0.51,0.497,3.3,4.3,0.76,1.4,3.8,5.2,1.1,1.4,0.4,1.3,2.9,20.3
381,Cameron Payne,PG,28,PHO,48,13.2,0.512,0.408,0.141,1.3,11,6.1,32.6,1.7,0.7,14.4,24.8,0,1,1.1,0.053,-0.5,-0.7,-1.2,0.2,15,20.2,3.9,9.4,0.415,1.4,3.9,0.368,2.5,5.6,0.448,0.49,1,1.3,0.766,0.3,2,2.2,4.5,0.7,0.2,1.7,1.8,10.3
400,Payton Pritchard,PG,25,BOS,48,10.3,0.536,0.629,0.065,4.3,10.5,7.5,14,1.1,0.1,13.7,19.8,-0.1,0.7,0.6,0.045,-2.1,-1.2,-3.4,-0.2,3,13.4,2.1,5.1,0.412,1.2,3.2,0.364,0.9,1.9,0.495,0.527,0.3,0.3,0.75,0.5,1.3,1.8,1.3,0.3,0,0.8,0.8,5.6
438,Collin Sexton,PG,24,UTA,48,15.9,0.616,0.261,0.425,3.5,6.3,5,17.9,1.1,0.4,13.3,23.4,2,0.5,2.5,0.105,0.1,-1.5,-1.3,0.2,15,23.9,4.9,9.8,0.506,1,2.5,0.393,3.9,7.2,0.546,0.558,3.4,4.1,0.819,0.8,1.4,2.2,2.9,0.6,0.1,1.8,2.3,14.3
440,Day'Ron Sharpe,C,21,BRK,48,17.8,0.581,0.064,0.322,20.6,20.1,20.4,9.7,1.3,5,17.7,19,0.8,0.8,1.6,0.139,-1.8,-0.6,-2.3,0,3,11.5,1.9,3.6,0.544,0.1,0.2,0.545,1.8,3.3,0.544,0.561,0.7,1.1,0.636,2.1,2.1,4.2,0.8,0.3,0.7,0.9,1.9,4.7
22,Mo Bamba,C,24,TOT,49,15.7,0.602,0.515,0.257,8.5,24.2,16.4,8.7,0.8,5.3,10.1,16.6,1.1,1.1,2.2,0.139,-0.2,0.7,0.5,0.5,7,15.7,2.4,4.9,0.485,1,2.5,0.387,1.4,2.4,0.59,0.585,0.8,1.3,0.661,1.2,3.4,4.6,0.9,0.3,0.9,0.6,2.1,6.6
162,Taj Gibson,C,37,WAS,49,11.4,0.585,0.192,0.336,7.7,13.6,10.8,9.6,1.5,2.1,15.3,15.3,0.4,0.5,0.8,0.082,-3.6,0.5,-3.2,-0.1,2,9.8,1.3,2.6,0.52,0.2,0.5,0.333,1.2,2.1,0.564,0.552,0.6,0.9,0.714,0.7,1.2,1.9,0.7,0.3,0.2,0.5,1.7,3.4
473,Matisse Thybulle,SF,25,PHI,49,10,0.536,0.543,0.103,4.1,8.5,6.3,5.1,3.8,2.2,6.2,9.8,0.3,0.9,1.3,0.102,-3.2,3.3,0.1,0.3,6,12.1,1,2.4,0.431,0.4,1.3,0.333,0.6,1.1,0.547,0.522,0.2,0.2,0.75,0.4,0.9,1.3,0.5,0.9,0.3,0.2,1.3,2.7
519,Jaylin Williams,C,20,OKC,49,11.2,0.559,0.483,0.231,5.1,23.6,14.1,10.7,1.5,1.2,12.6,13.5,0.7,1.2,1.9,0.099,-2.3,0.6,-1.7,0.1,36,18.7,2.1,4.8,0.436,0.9,2.3,0.407,1.1,2.5,0.463,0.534,0.8,1.1,0.704,0.9,4,4.9,1.6,0.6,0.2,0.8,2.3,5.9
35,Bradley Beal,SG,29,WAS,50,19.7,0.593,0.249,0.26,2.8,9.9,6.5,26.6,1.3,1.7,12.9,29.2,2.2,1.2,3.4,0.099,2.9,-1.2,1.8,1.6,50,33.5,8.9,17.6,0.506,1.6,4.4,0.365,7.3,13.2,0.552,0.551,3.8,4.6,0.842,0.8,3.1,3.9,5.4,0.9,0.7,2.9,2.1,23.2
95,Amir Coffey,SF,25,LAC,50,7,0.498,0.276,0.434,3.1,6.4,4.7,11.2,0.5,0.7,10.8,13.5,0.1,0.3,0.4,0.033,-4.3,-0.7,-5,-0.5,9,12.5,1.1,2.9,0.386,0.2,0.8,0.275,0.9,2.1,0.429,0.424,1,1.3,0.778,0.3,0.7,1.1,1.1,0.1,0.1,0.4,1,3.4
205,Gordon Hayward,SF,32,CHO,50,13.5,0.563,0.275,0.274,2.2,12.6,7.3,19.3,1.3,0.7,13.2,20,0.8,1.1,2,0.059,-1.1,-0.3,-1.4,0.2,50,31.5,5.5,11.6,0.475,1,3.2,0.325,4.5,8.4,0.532,0.52,2.6,3.2,0.811,0.7,3.6,4.3,4.1,0.8,0.2,2,1.4,14.7
459,Isaiah Stewart,C,21,DET,50,13.1,0.56,0.465,0.338,8.7,23.3,15.8,7.3,0.7,2.1,11.8,17.3,1.1,0.9,2,0.068,-1,-1.1,-2.1,0,47,28.3,3.9,8.8,0.442,1.3,4.1,0.327,2.6,4.7,0.542,0.518,2.2,3,0.738,2.3,5.8,8.1,1.4,0.4,0.7,1.4,2.7,11.3
532,Delon Wright,PG,30,WAS,50,16.3,0.581,0.409,0.206,5.5,10.7,8.2,20.9,3.7,1.2,12.2,12.9,2.1,1.6,3.7,0.146,0.4,3.1,3.4,1.7,14,24.4,2.8,5.8,0.474,0.8,2.4,0.345,1.9,3.4,0.564,0.545,1,1.2,0.867,1.2,2.4,3.6,3.9,1.8,0.3,0.9,1.2,7.4
72,Alec Burks,SG,31,DET,51,16.5,0.602,0.521,0.41,1.8,14.2,7.8,15.9,1.6,0.6,9.7,22.8,1.9,0.6,2.5,0.109,1.8,-0.5,1.2,0.9,8,22,3.9,9,0.436,1.9,4.7,0.414,2,4.3,0.459,0.544,3,3.7,0.814,0.4,2.7,3.1,2.2,0.7,0.2,1.1,1.9,12.8
132,Goran Dragić,PG,36,CHI,51,10.2,0.514,0.428,0.137,1.9,7.9,5,24.7,0.7,0.5,15,21,-0.2,0.6,0.4,0.023,-2.1,-1.6,-3.7,-0.3,0,15.4,2.5,5.9,0.425,0.9,2.5,0.352,1.6,3.4,0.48,0.5,0.5,0.8,0.659,0.3,1.1,1.4,2.7,0.2,0.1,1.1,1.2,6.4
199,Josh Hart,SF,27,POR,51,12.7,0.586,0.309,0.328,6.4,21.9,14.1,16,1.5,0.5,16,12.6,2,1.2,3.2,0.091,-0.9,0.7,-0.2,0.8,51,33.4,3.6,7.1,0.504,0.7,2.2,0.304,2.9,4.9,0.594,0.551,1.7,2.3,0.731,1.9,6.3,8.2,3.9,1.1,0.2,1.5,2.6,9.5
220,Caleb Houstan,SF,20,ORL,51,6.2,0.508,0.747,0.099,4.7,9.1,6.9,4.9,0.7,0.8,8.7,11,0.1,0.5,0.7,0.039,-3.1,-0.9,-4,-0.4,4,15.9,1.3,3.6,0.363,0.9,2.7,0.338,0.4,0.9,0.435,0.489,0.3,0.4,0.833,0.7,1.3,1.9,0.6,0.2,0.1,0.4,1.2,3.8
37,MarJon Beauchamp,SF,22,MIL,52,8.2,0.513,0.584,0.152,5.9,11,8.5,6.7,1.4,0.8,14.8,18.3,-0.4,0.8,0.4,0.027,-4.1,-0.6,-4.8,-0.5,11,13.5,1.8,4.7,0.395,0.9,2.7,0.331,0.9,1.9,0.485,0.492,0.5,0.7,0.73,0.7,1.5,2.2,0.7,0.4,0.1,0.9,1.4,5.1
40,Saddiq Bey,SF,23,DET,52,14.3,0.552,0.483,0.345,4.2,13.9,8.9,8.5,1.6,0.7,7.2,21.3,1.5,0.8,2.3,0.074,0.5,-1.1,-0.7,0.5,30,28.8,4.7,11.7,0.404,1.9,5.6,0.345,2.8,6,0.46,0.488,3.5,4,0.861,1.1,3.5,4.7,1.6,1,0.2,1,1.7,14.8
148,Simone Fontecchio,SF,27,UTA,52,8,0.495,0.612,0.141,4.4,7.7,6.1,7.5,0.9,0.9,10.5,20.2,-0.4,0.3,-0.1,-0.004,-3,-2.1,-5.2,-0.6,6,14.7,2.2,6,0.369,1.2,3.7,0.33,1,2.3,0.43,0.47,0.7,0.8,0.795,0.6,1.1,1.7,0.8,0.3,0.2,0.8,1.2,6.3
238,Reggie Jackson,PG,32,LAC,52,10.3,0.523,0.43,0.129,1.9,7.8,4.9,19.8,1.4,0.3,15.1,20.8,-0.4,1,0.6,0.02,-2.6,-1,-3.7,-0.6,38,25.7,4.1,9.8,0.418,1.5,4.2,0.35,2.6,5.6,0.469,0.493,1.2,1.3,0.924,0.4,1.8,2.2,3.5,0.7,0.1,1.8,1.8,10.9
288,Kawhi Leonard,SF,31,LAC,52,23.9,0.623,0.287,0.32,3.7,17.8,10.8,19.6,2,1.4,8.1,27,4.9,2.2,7.1,0.194,5.1,0.9,6.1,3.5,50,33.6,8.6,16.8,0.512,2,4.8,0.416,6.6,11.9,0.551,0.572,4.7,5.4,0.871,1.1,5.4,6.5,3.9,1.4,0.5,1.7,1.6,23.8
294,Isaiah Livers,PF,24,DET,52,8.4,0.567,0.705,0.135,2.5,11,6.6,4.8,1.1,2.1,9,11.9,0.5,0.5,1,0.041,-2.1,-0.3,-2.4,-0.1,22,23.1,2.3,5.5,0.417,1.4,3.9,0.365,0.9,1.6,0.541,0.545,0.6,0.8,0.821,0.5,2.2,2.8,0.8,0.5,0.5,0.6,2,6.7
315,Wesley Matthews,SF,36,MIL,52,7,0.519,0.775,0.175,4.5,9.7,7.2,5.1,1.2,1.3,9.5,9.8,0.3,0.9,1.2,0.073,-3.4,0.8,-2.7,-0.1,0,15.8,1.1,3.1,0.363,0.8,2.4,0.315,0.4,0.7,0.528,0.484,0.5,0.5,0.857,0.7,1.5,2.2,0.7,0.4,0.3,0.3,1.4,3.4
367,Jusuf Nurkić,C,28,POR,52,17.3,0.589,0.236,0.38,9.3,29.7,19.5,16.4,1.5,2.8,16.8,22.1,1.2,1.5,2.7,0.092,-0.6,0.7,0.1,0.7,52,26.8,5,9.7,0.519,0.8,2.3,0.361,4.2,7.4,0.567,0.561,2.4,3.7,0.661,2.2,6.9,9.1,2.9,0.8,0.8,2.3,3.6,13.3
414,Austin Rivers,SG,30,MIN,52,7.4,0.564,0.589,0.187,0.6,8.4,4.6,9.3,1.3,0.3,9.2,10.5,0.5,0.8,1.3,0.061,-3.3,0.5,-2.8,-0.2,10,19.5,1.8,4,0.435,0.8,2.4,0.35,0.9,1.7,0.558,0.538,0.6,0.8,0.769,0.1,1.5,1.6,1.4,0.5,0.1,0.4,1.5,4.9
448,Jericho Sims,C,24,NYK,52,13.8,0.78,0.009,0.15,13.3,19.4,16.4,4,0.9,3.2,19.1,7.4,1.6,0.9,2.6,0.153,-1,0.5,-0.5,0.3,16,15.6,1.6,2.1,0.776,0,0,0,1.6,2,0.783,0.776,0.2,0.3,0.75,1.9,2.8,4.7,0.5,0.3,0.5,0.5,1.8,3.4
477,Juan Toscano-Anderson,SF,29,TOT,52,7.2,0.505,0.301,0.168,4.4,14.4,9.5,11.8,1.1,1.2,18.1,11.3,-0.1,0.6,0.5,0.038,-4.6,0.8,-3.8,-0.3,9,13.5,1.2,2.8,0.448,0.2,0.8,0.186,1.1,1.9,0.56,0.476,0.4,0.5,0.792,0.5,1.8,2.4,1.3,0.3,0.2,0.7,1.5,3
484,Jarred Vanderbilt,PF,23,UTA,52,16,0.607,0.183,0.328,10.6,24.5,17.6,15.3,2,1,16,14.1,2.1,1.6,3.6,0.139,0,1.5,1.5,1.1,41,24.1,3.3,6,0.556,0.4,1.1,0.333,3,4.9,0.606,0.587,1.3,2,0.657,2.3,5.5,7.9,2.7,1,0.3,1.3,2.6,8.3
507,Russell Westbrook,PG,34,LAL,52,15.3,0.496,0.292,0.326,4.4,18.2,11.5,38.5,1.7,1.3,18.1,28.8,-1.2,1.9,0.7,0.023,-0.2,0.1,-0.1,0.7,3,28.7,5.8,14,0.417,1.2,4.1,0.296,4.6,9.9,0.467,0.46,3,4.6,0.655,1.1,5,6.2,7.5,1,0.4,3.5,2.3,15.9
49,Devin Booker,SG,26,PHO,53,22,0.601,0.296,0.336,2.7,12,7.2,27.3,1.4,0.9,10.6,31.8,4.2,1.9,6,0.157,4.5,-0.3,4.2,2.9,53,34.6,9.9,20.1,0.494,2.1,6,0.351,7.8,14.2,0.554,0.546,5.8,6.8,0.855,0.9,3.7,4.5,5.5,1,0.3,2.7,3,27.8
123,Spencer Dinwiddie,SG,29,DAL,53,16.1,0.599,0.491,0.298,1.2,9.4,5.2,23.8,1.1,0.8,10.3,21.9,3.3,1,4.3,0.114,2,-1.2,0.9,1.3,53,34.1,6,13.1,0.455,2.6,6.4,0.405,3.4,6.7,0.504,0.555,3.2,3.9,0.821,0.4,2.7,3.1,5.3,0.7,0.3,1.7,2.3,17.7
147,Malachi Flynn,PG,24,TOR,53,8.7,0.479,0.55,0.136,2.3,10.8,6.2,13.7,1.5,0.6,8.9,17.4,0,0.5,0.5,0.034,-3.3,-0.8,-4.1,-0.4,2,13,1.6,4.6,0.36,0.9,2.5,0.353,0.8,2.1,0.367,0.457,0.5,0.6,0.758,0.3,1.2,1.4,1.3,0.4,0.1,0.5,1.2,4.6
171,Devonte' Graham,PG,27,NOP,53,11.8,0.545,0.823,0.255,1.7,8.4,5,18.7,1.8,1.2,9.5,15,0.9,0.9,1.8,0.105,-0.4,0.6,0.2,0.4,0,15.3,1.6,4.4,0.368,1.2,3.6,0.347,0.4,0.8,0.463,0.511,0.8,1.1,0.746,0.2,1.1,1.4,2.2,0.6,0.2,0.5,0.9,5.3
362,Zeke Nnaji,PF,22,DEN,53,12.5,0.62,0.332,0.316,10.5,11.2,10.9,3.3,1.1,2.8,12.2,15.2,0.9,0.7,1.6,0.106,-2.7,-0.9,-3.7,-0.3,5,13.7,2.1,3.7,0.561,0.3,1.2,0.262,1.8,2.5,0.71,0.605,0.8,1.2,0.645,1.2,1.4,2.6,0.3,0.3,0.4,0.6,2,5.2
461,Jalen Suggs,SG,21,ORL,53,12.5,0.528,0.455,0.268,5,9.6,7.3,18,2.6,2.1,15.9,20.3,-0.2,1.5,1.4,0.053,-1.8,0.8,-1,0.3,19,23.5,3.5,8.4,0.419,1.2,3.8,0.327,2.3,4.6,0.496,0.493,1.6,2.2,0.723,1,2,3,2.9,1.3,0.5,1.8,2.3,9.9
462,Edmond Sumner,SG,27,BRK,53,14,0.597,0.323,0.401,2,9.9,6,13.3,2.1,1.2,13.6,22.1,0.6,0.7,1.3,0.086,-2.4,-0.2,-2.6,-0.1,12,13.9,2.3,5.1,0.461,0.6,1.6,0.356,1.8,3.4,0.511,0.519,1.9,2,0.917,0.2,1.2,1.5,1.3,0.6,0.2,0.9,1.6,7.1
521,Kenrich Williams,PF,28,OKC,53,14.4,0.585,0.387,0.113,8.5,14.9,11.6,11.7,1.8,1.1,8.1,13.7,2,1.3,3.3,0.133,0.1,0.4,0.5,0.8,10,22.8,3.4,6.5,0.517,0.9,2.5,0.373,2.4,4,0.608,0.59,0.3,0.7,0.436,1.8,3.1,4.9,2,0.8,0.3,0.6,2.1,8
45,Bogdan Bogdanović,SG,30,ATL,54,14.2,0.586,0.589,0.126,1.6,10.4,6,13.4,1.4,1,9.2,19.8,1.8,1,2.8,0.088,1.1,-0.7,0.5,0.9,9,27.9,5.1,11.3,0.447,2.7,6.7,0.406,2.4,4.6,0.506,0.566,1.2,1.4,0.831,0.4,2.6,3.1,2.8,0.8,0.3,1.2,1.6,14
210,Haywood Highsmith,PF,26,MIA,54,8.5,0.517,0.505,0.13,6.7,16.4,11.4,6.2,1.9,1.8,16.5,12.5,-0.3,1.3,0.9,0.046,-3.7,0.7,-3.1,-0.3,11,17.9,1.7,4,0.431,0.7,2,0.339,1,2,0.523,0.516,0.2,0.5,0.464,1.1,2.4,3.5,0.8,0.7,0.3,0.8,1.5,4.4
293,Nassir Little,SF,22,POR,54,10.2,0.555,0.521,0.152,3.2,13.5,8.3,7.3,1,1.8,10,16,0.2,0.4,0.7,0.032,-1.6,-1.4,-3,-0.3,4,18.1,2.5,5.6,0.442,1.1,2.9,0.367,1.4,2.7,0.524,0.538,0.6,0.9,0.717,0.5,2.1,2.6,0.9,0.4,0.4,0.7,1.2,6.6
313,Garrison Mathews,SG,26,TOT,54,9.7,0.573,0.896,0.264,1.7,10,5.8,5.1,1.7,0.7,7.8,14.7,0.7,0.3,1,0.067,-2,-0.4,-2.4,-0.1,0,12.7,1.4,3.7,0.363,1.2,3.3,0.35,0.2,0.4,0.476,0.52,0.9,1,0.906,0.2,1.1,1.4,0.5,0.4,0.1,0.4,1.1,4.8
399,Taurean Prince,PF,28,MIN,54,10,0.597,0.512,0.203,1.4,10.8,6.2,9.6,1.1,1.1,14.3,17.3,0.3,1,1.3,0.052,-2.6,-0.6,-3.3,-0.4,4,22.1,3.3,7,0.467,1.4,3.6,0.381,1.9,3.4,0.557,0.565,1.2,1.4,0.844,0.3,2.2,2.4,1.6,0.5,0.3,1.3,2.3,9.1
426,D'Angelo Russell,PG,26,MIN,54,16.1,0.604,0.521,0.23,1.8,8.5,5.2,27,1.6,1,15.5,22.8,2.3,1.5,3.8,0.103,1.9,-0.7,1.2,1.4,54,32.9,6.3,13.5,0.465,2.7,7,0.391,3.5,6.4,0.546,0.567,2.6,3.1,0.856,0.5,2.5,3.1,6.2,1.1,0.4,2.7,2.2,17.9
450,Dennis Smith Jr.,PG,25,CHO,54,11.6,0.475,0.246,0.235,2,11,6.4,26.1,2.6,1.6,14.1,17.6,-0.4,1.5,1.1,0.039,-3.5,1.2,-2.2,-0.1,15,25.7,3.4,8.4,0.412,0.4,2.1,0.216,3,6.3,0.475,0.438,1.4,2,0.736,0.5,2.6,3.1,4.8,1.4,0.5,1.5,2.3,8.8
535,Thaddeus Young,PF,34,TOR,54,14.1,0.573,0.172,0.131,9.4,14.6,11.8,12.9,3.4,0.6,16.7,13.5,0.7,1.1,1.8,0.109,-1.8,1.9,0.1,0.4,9,14.7,2,3.7,0.545,0.1,0.6,0.176,1.9,3,0.622,0.561,0.3,0.5,0.692,1.3,1.8,3.1,1.4,1,0.1,0.8,1.6,4.4
1,Precious Achiuwa,C,23,TOR,55,15.2,0.554,0.267,0.307,9.3,24.4,16.3,6.3,1.3,2.6,11.4,19.4,0.8,1.4,2.2,0.093,-1.4,-0.8,-2.3,-0.1,12,20.7,3.6,7.3,0.485,0.5,2,0.269,3,5.4,0.564,0.521,1.6,2.3,0.702,1.8,4.1,6,0.9,0.6,0.5,1.1,1.9,9.2
36,Malik Beasley,SG,26,UTA,55,11.5,0.535,0.704,0.066,2,12.3,7.2,9,1.4,0.5,8,21.2,0.3,1,1.2,0.04,-0.4,-1.2,-1.6,0.2,13,26.8,4.8,12.2,0.396,3.1,8.6,0.359,1.7,3.6,0.485,0.522,0.7,0.8,0.841,0.5,3.1,3.6,1.7,0.8,0.1,1.1,1.4,13.4
239,LeBron James,PF,38,LAL,55,23.9,0.583,0.309,0.268,3.7,20.8,12.5,33.5,1.2,1.4,11.6,33.3,3.2,2.4,5.6,0.138,5.5,0.6,6.1,4,54,35.5,11.1,22.2,0.5,2.2,6.9,0.321,8.9,15.3,0.58,0.549,4.6,5.9,0.768,1.2,7.1,8.3,6.8,0.9,0.6,3.2,1.6,28.9
300,Kyle Lowry,PG,36,MIA,55,12.6,0.565,0.639,0.278,2.8,12.9,7.7,23.4,1.7,1.2,15.9,16.7,1.5,1.9,3.4,0.096,-0.7,0.8,0.2,0.9,44,31.2,3.6,8.8,0.404,1.9,5.6,0.345,1.6,3.2,0.509,0.514,2.1,2.5,0.859,0.8,3.3,4.1,5.1,1,0.4,1.9,2.6,11.2
30,Will Barton,SG,32,TOT,56,10,0.493,0.495,0.129,1.7,13.5,7.7,15.4,1.4,1.1,11.1,18.9,-0.4,0.8,0.4,0.021,-2,-0.6,-2.6,-0.2,2,17.7,2.5,6.5,0.379,1.2,3.2,0.367,1.3,3.3,0.391,0.47,0.7,0.8,0.787,0.3,2.2,2.4,2,0.5,0.2,0.9,1,6.8
58,Mikal Bridges,SF,26,PHO,56,14.8,0.574,0.342,0.228,3,10.4,6.6,14.1,1.6,2,8.5,19.2,2.7,2.2,4.9,0.116,0.4,0.6,1,1.6,56,36.4,6.3,13.6,0.463,1.8,4.7,0.387,4.5,9,0.503,0.529,2.8,3.1,0.897,1,3.3,4.3,3.6,1.2,0.8,1.4,2.1,17.2
92,Brandon Clarke,PF,26,MEM,56,20,0.682,0.017,0.393,9,21.2,15.1,9.5,1.5,3.1,11.8,17.7,2.7,1.8,4.5,0.199,0.8,1.8,2.5,1.3,8,19.5,4.1,6.2,0.656,0,0.1,0.167,4.1,6.1,0.665,0.658,1.8,2.4,0.723,1.6,3.9,5.5,1.3,0.6,0.7,1,2.3,10
108,Stephen Curry,PG,34,GSW,56,24.1,0.656,0.564,0.248,2.3,16.8,9.7,30,1.3,0.9,12.5,31,5.8,2,7.8,0.192,7.5,0.1,7.5,4.7,56,34.7,10,20.2,0.493,4.9,11.4,0.427,5.1,8.8,0.579,0.614,4.6,5,0.915,0.7,5.4,6.1,6.3,0.9,0.4,3.2,2.1,29.4
110,Anthony Davis,C,29,LAL,56,27.8,0.627,0.077,0.462,11.3,27.6,19.7,13,1.5,5.1,9.5,28.4,5.5,3.4,9,0.226,4.6,1.7,6.3,4,54,34,9.7,17.2,0.563,0.3,1.3,0.257,9.3,15.9,0.589,0.573,6.2,7.9,0.784,3.5,9.1,12.5,2.6,1.1,2,2.2,2.6,25.9
120,Hamidou Diallo,SF,24,DET,56,15.7,0.593,0.056,0.395,6.2,15.7,10.8,9.2,2.6,1.4,13.9,21.8,0.4,0.9,1.3,0.063,-1.8,0.4,-1.4,0.1,0,17.8,3.8,6.7,0.573,0.1,0.4,0.238,3.8,6.3,0.593,0.58,1.6,2.6,0.588,1,2.4,3.5,1,0.9,0.3,1.3,2.2,9.3
160,Rudy Gay,PF,36,UTA,56,9,0.475,0.453,0.171,4.4,17,10.8,9.4,1.1,1.9,10.7,17.7,-0.4,0.7,0.3,0.018,-3.6,-0.4,-4,-0.4,0,14.6,1.9,5.1,0.38,0.6,2.3,0.254,1.4,2.8,0.484,0.437,0.8,0.9,0.857,0.6,2.3,2.9,1,0.3,0.3,0.7,1.2,5.2
161,Paul George,SF,32,LAC,56,19.6,0.588,0.424,0.293,2.6,17,9.9,24.2,2.1,0.9,13.4,29.5,2.3,2.3,4.6,0.114,2.4,0.3,2.8,2.3,56,34.6,8.2,17.9,0.457,2.8,7.6,0.371,5.4,10.3,0.521,0.536,4.6,5.3,0.871,0.8,5.3,6.1,5.1,1.5,0.4,3.1,2.8,23.8
180,Jeff Green,PF,36,DEN,56,11,0.576,0.317,0.357,4.1,10.9,7.6,8.3,0.8,1.4,10.8,17,0.8,0.8,1.7,0.074,-2.4,-1,-3.4,-0.4,4,19.5,2.9,5.9,0.488,0.5,1.9,0.288,2.3,4,0.58,0.534,1.6,2.1,0.744,0.7,1.9,2.6,1.2,0.3,0.3,0.8,1.8,7.8
186,Tyrese Haliburton,PG,22,IND,56,23.6,0.624,0.478,0.239,1.9,10.1,6,47.6,2.3,1.1,13.2,23.8,6.4,1.2,7.6,0.195,7,0.2,7.2,4.4,56,33.6,7.4,15,0.49,2.9,7.2,0.4,4.5,7.8,0.572,0.586,3.1,3.6,0.871,0.6,3.1,3.7,10.4,1.6,0.4,2.5,1.2,20.7
219,Danuel House Jr.,SF,29,PHI,56,9.4,0.6,0.558,0.305,1.3,12.2,6.9,7.5,0.9,1,10.4,13.8,0.6,0.7,1.3,0.075,-2.5,-0.5,-3,-0.2,5,14.4,1.7,3.5,0.472,0.7,2,0.336,1,1.6,0.644,0.566,0.8,1.1,0.75,0.2,1.5,1.7,0.8,0.3,0.2,0.5,1.2,4.8
225,Bones Hyland,PG,22,TOT,56,14.9,0.535,0.552,0.179,2.1,11.8,7.1,23.4,1.8,1.2,11.7,28,0.3,1.1,1.4,0.062,0.4,-1.2,-0.8,0.3,1,19.4,4.1,10.2,0.399,2.1,5.6,0.371,2,4.6,0.434,0.502,1.5,1.8,0.843,0.4,2.1,2.4,3.1,0.7,0.3,1.5,1.7,11.8
323,Jalen McDaniels,SF,25,CHO,56,11.6,0.551,0.409,0.211,3.1,16.5,9.6,10.5,2.1,1.7,12.9,17.5,0.1,1.7,1.8,0.057,-2.7,0.7,-2,0,21,26.7,3.9,8.8,0.447,1.2,3.6,0.322,2.8,5.2,0.534,0.513,1.6,1.9,0.846,0.8,4,4.8,2,1.2,0.5,1.4,2.8,10.6
385,Mason Plumlee,C,32,CHO,56,20,0.673,0,0.646,12.2,24.1,18.1,18.7,1,1.9,14.6,15.7,4.3,1.8,6.1,0.183,1.5,0.9,2.4,1.8,56,28.5,4.7,7.1,0.669,0,0,,4.7,7.1,0.669,0.669,2.8,4.6,0.605,3.3,6.3,9.7,3.7,0.6,0.6,1.6,2.9,12.2
456,Jeremy Sochan,PF,19,SAS,56,11.4,0.509,0.243,0.21,6.9,15.6,11,13.6,1.4,1.3,13.9,19.8,-0.5,0.7,0.2,0.005,-2.8,-1.2,-4,-0.7,53,26,4.5,9.9,0.453,0.6,2.4,0.246,3.9,7.5,0.519,0.483,1.4,2.1,0.698,1.7,3.6,5.3,2.5,0.8,0.4,1.7,2.5,11
494,Jabari Walker,SF,20,POR,56,9.6,0.496,0.283,0.227,8.8,15.5,12.2,7.8,0.8,1.9,11.8,17.3,-0.1,0.3,0.2,0.015,-3.9,-2.1,-6.1,-0.6,0,11.1,1.5,3.5,0.419,0.3,1,0.286,1.2,2.5,0.472,0.46,0.6,0.8,0.756,0.9,1.5,2.3,0.6,0.2,0.2,0.5,1.2,3.9
496,Lonnie Walker IV,SG,24,LAL,56,12.2,0.57,0.472,0.201,1.2,7.6,4.5,7,1.1,1.1,7.4,20.2,0.8,1,1.8,0.066,-0.9,-0.5,-1.4,0.2,32,23.2,4.2,9.4,0.448,1.6,4.4,0.365,2.6,5,0.522,0.534,1.6,1.9,0.858,0.3,1.7,1.9,1.1,0.5,0.3,0.8,1.3,11.7
84,Wendell Carter Jr.,C,23,ORL,57,17.3,0.621,0.367,0.318,8,25.3,16.6,12,0.9,1.9,13.2,20.5,2.6,2,4.6,0.13,0.9,0.1,1,1.3,54,29.6,5.6,10.8,0.525,1.4,3.9,0.356,4.2,6.8,0.624,0.591,2.5,3.4,0.738,2.1,6.6,8.7,2.3,0.5,0.6,1.9,2.8,15.2
178,JaMychal Green,PF,32,GSW,57,15.5,0.65,0.44,0.266,10.1,18,14.1,8.9,1.5,2.5,15.6,17.5,1.2,1,2.2,0.133,-0.7,0.2,-0.5,0.3,1,14,2.4,4.4,0.54,0.7,1.9,0.378,1.6,2.5,0.667,0.623,0.9,1.2,0.776,1.3,2.3,3.6,0.9,0.4,0.4,0.9,1.8,6.4
193,Montrezl Harrell,C,29,PHI,57,17.6,0.631,0.029,0.483,11.8,15.7,13.8,7.4,1.2,3.4,12.1,18.9,1.3,0.8,2.2,0.153,-0.9,-0.4,-1.3,0.1,7,11.9,2.2,3.7,0.598,0,0.1,0,2.2,3.6,0.616,0.598,1.2,1.8,0.693,1.2,1.6,2.8,0.6,0.3,0.4,0.6,1.3,5.6
361,Daishen Nix,PG,20,HOU,57,5.3,0.447,0.591,0.152,2.1,9.7,5.9,19.2,1.6,0.7,25.4,15.4,-1.5,0.3,-1.2,-0.062,-5,-1.5,-6.5,-1,7,16,1.4,4.2,0.342,0.7,2.5,0.286,0.7,1.7,0.423,0.426,0.4,0.6,0.667,0.3,1.4,1.7,2.3,0.5,0.1,1.5,1,4
430,Dario Šarić,PF-C,28,TOT,57,13.5,0.583,0.415,0.274,7.1,21.4,14.1,12.7,1.2,0.8,15.1,19.2,0.7,1,1.7,0.099,-1.5,0.1,-1.4,0.1,12,14.1,2.2,4.9,0.458,0.8,2,0.391,1.4,2.8,0.506,0.54,1.1,1.3,0.829,0.9,2.7,3.6,1.3,0.4,0.1,1,1.7,6.4
470,Cam Thomas,SG,21,BRK,57,14.7,0.567,0.292,0.382,1,10.1,5.6,12.7,1,0.6,10.6,27.8,0.3,0.7,1,0.049,-0.7,-2,-2.7,-0.2,4,16.6,3.5,8,0.441,0.9,2.3,0.383,2.6,5.7,0.464,0.497,2.6,3.1,0.868,0.1,1.5,1.7,1.4,0.4,0.1,1.1,1,10.6
492,Moritz Wagner,C,25,ORL,57,17.4,0.63,0.412,0.46,7,19.4,13.2,11.5,1.6,1.1,12.5,21.1,2.1,1.3,3.4,0.149,0.4,0.2,0.6,0.7,18,19.5,3.5,6.9,0.5,0.9,2.9,0.313,2.6,4.1,0.631,0.564,2.7,3.2,0.841,1.2,3.3,4.5,1.5,0.6,0.2,1.2,2.4,10.5
24,Desmond Bane,SG,24,MEM,58,19.1,0.606,0.433,0.218,2.5,14.3,8.4,20.8,1.4,1.1,10.9,26.1,3.5,2.3,5.8,0.151,3.3,0.1,3.5,2.5,58,31.7,7.8,16.2,0.479,2.9,7,0.408,4.9,9.2,0.534,0.568,3.1,3.5,0.883,0.7,4.3,5,4.4,1,0.4,2.2,2.6,21.5
132,Goran Dragić,PG,36,TOT,58,10.3,0.514,0.433,0.134,2.1,8.2,5.2,24.3,0.7,0.4,15.1,21.1,-0.3,0.7,0.4,0.025,-2.1,-1.8,-3.9,-0.4,0,15,2.4,5.8,0.421,0.9,2.5,0.359,1.5,3.3,0.468,0.499,0.5,0.8,0.689,0.3,1.1,1.4,2.6,0.2,0.1,1.1,1.1,6.3
190,James Harden,PG,33,PHI,58,21.6,0.607,0.496,0.429,2.3,17.1,9.8,43.3,1.6,1.4,16.3,25,5.8,2.6,8.4,0.188,5.1,0.3,5.4,4,58,36.8,6.4,14.5,0.441,2.8,7.2,0.385,3.6,7.3,0.495,0.536,5.4,6.2,0.867,0.7,5.4,6.1,10.7,1.2,0.5,3.4,1.9,21
272,Christian Koloko,C,22,TOR,58,11.4,0.517,0.08,0.393,11.1,13.3,12.1,5,1.3,6.9,10.2,10.4,0.7,1,1.7,0.104,-4.3,0.8,-3.5,-0.3,19,13.8,1.2,2.6,0.48,0,0.2,0.083,1.2,2.4,0.514,0.483,0.6,1,0.627,1.4,1.5,2.9,0.5,0.4,1,0.3,2.2,3.1
292,Damian Lillard,PG,32,POR,58,26.7,0.645,0.547,0.464,2.4,12.8,7.6,35,1.2,0.8,11.7,33.8,8.2,0.8,9,0.205,8.3,-1.2,7.1,4.9,58,36.3,9.6,20.7,0.463,4.2,11.3,0.371,5.4,9.4,0.574,0.564,8.8,9.6,0.914,0.8,4,4.8,7.3,0.9,0.3,3.3,1.9,32.2
502,Yuta Watanabe,SF,28,BRK,58,12.1,0.637,0.582,0.203,3.7,13.1,8.5,7,1.3,1.6,8,13.1,1.3,0.9,2.1,0.111,-0.4,-0.2,-0.6,0.3,1,16,2,4,0.491,1,2.3,0.444,0.9,1.7,0.557,0.621,0.6,0.8,0.723,0.5,1.9,2.4,0.8,0.4,0.3,0.4,1.4,5.6
4,Ochai Agbaji,SG,22,UTA,59,9.5,0.561,0.591,0.179,3.9,6.9,5.4,7.5,0.6,1,9,15.8,0.9,0.4,1.3,0.053,-1.7,-1.4,-3,-0.3,22,20.5,2.8,6.5,0.427,1.4,3.9,0.355,1.4,2.7,0.532,0.532,0.9,1.2,0.812,0.7,1.3,2.1,1.1,0.3,0.3,0.7,1.7,7.9
6,Nickeil Alexander-Walker,SG,24,TOT,59,11.6,0.565,0.539,0.203,1.9,10.5,6.3,16.7,1.7,2,14.6,17.9,0.3,0.8,1.1,0.062,-1.4,0.4,-0.9,0.2,3,15,2.2,5,0.444,1,2.7,0.384,1.2,2.3,0.515,0.547,0.7,1,0.667,0.3,1.5,1.7,1.8,0.5,0.4,0.9,1.5,6.2
46,Bojan Bogdanović,PF,33,DET,59,17.4,0.627,0.4,0.344,2,11.3,6.5,13.6,0.9,0.4,11.7,25.9,3.1,0.4,3.5,0.09,2.6,-1.8,0.8,1.4,59,32.1,7.3,14.9,0.488,2.5,6,0.411,4.8,9,0.539,0.57,4.5,5.1,0.884,0.6,3.2,3.8,2.6,0.6,0.1,2.3,1.9,21.6
70,Thomas Bryant,C,25,TOT,59,19.7,0.682,0.16,0.341,8.9,24.6,17,4.3,0.7,2.4,8.2,18.2,2.7,1.4,4.1,0.183,1.1,-0.5,0.6,0.7,26,18.3,3.9,6.3,0.623,0.4,1,0.441,3.5,5.3,0.658,0.659,1.6,2.1,0.738,1.5,4.3,5.7,0.5,0.3,0.5,0.6,1.7,9.8
109,Dyson Daniels,PG,19,NOP,59,8.8,0.503,0.413,0.192,3.9,16.5,10.2,16.4,2,1,20.2,11.6,-0.1,1.4,1.3,0.061,-3.4,1.6,-1.8,0,11,17.7,1.5,3.5,0.418,0.5,1.5,0.314,1,2.1,0.492,0.483,0.4,0.7,0.65,0.6,2.6,3.2,2.3,0.7,0.2,1,1.7,3.8
165,Anthony Gill,PF,30,WAS,59,11.1,0.604,0.22,0.508,6.9,10.6,8.8,7.2,0.5,1.6,8.5,12.3,1,0.4,1.3,0.101,-2.4,-0.9,-3.3,-0.2,8,10.6,1.2,2.2,0.538,0.1,0.5,0.138,1.1,1.7,0.65,0.553,0.8,1.1,0.731,0.6,1.1,1.7,0.6,0.1,0.2,0.3,1.2,3.3
264,Luke Kennard,SG,26,TOT,59,13,0.684,0.704,0.102,1.2,11.8,6.6,9.4,1.2,0.3,10.3,14.5,2.2,1.2,3.4,0.124,0.6,-0.1,0.5,0.8,14,22.3,3.2,6.5,0.492,2.3,4.6,0.494,0.9,1.9,0.487,0.666,0.6,0.7,0.949,0.3,2.4,2.7,1.5,0.5,0.1,0.8,1.4,9.3
380,Chris Paul,PG,37,PHO,59,17.7,0.555,0.391,0.24,1.6,13.4,7.4,38.7,2.4,1,13.4,19.2,3.7,2.5,6.2,0.156,2,1.2,3.2,2.5,59,32,5,11.3,0.44,1.7,4.4,0.375,3.3,6.9,0.482,0.513,2.3,2.7,0.831,0.5,3.8,4.3,8.9,1.5,0.4,1.9,2.1,13.9
389,Kevin Porter Jr.,PG,22,HOU,59,16.2,0.565,0.436,0.299,4.1,13.1,8.5,25.7,2,0.8,15.8,24.3,1.9,1,2.9,0.068,1.4,-0.8,0.6,1.3,59,34.3,6.6,15,0.442,2.4,6.5,0.366,4.2,8.5,0.501,0.522,3.5,4.5,0.784,1.3,4,5.3,5.7,1.4,0.3,3.2,2.6,19.2
416,Mitchell Robinson,C,24,NYK,59,18.9,0.652,0,0.436,18.4,20,19.2,4.5,1.7,6.5,10.9,10.1,4,2.6,6.5,0.197,1,1.4,2.4,1.7,58,27,3.2,4.7,0.671,0,0,,3.2,4.7,0.671,0.671,1,2.1,0.484,4.5,4.9,9.4,0.9,0.9,1.8,0.7,2.7,7.4
13,Cole Anthony,PG,22,ORL,60,16,0.57,0.338,0.279,3.4,17.6,10.5,22.9,1.2,1.9,11.7,21.5,2.1,1.7,3.7,0.116,0.7,0.5,1.3,1.3,4,25.9,4.6,10.2,0.454,1.3,3.4,0.364,3.4,6.7,0.5,0.516,2.5,2.8,0.894,0.8,4,4.8,3.9,0.6,0.5,1.5,2.6,13
80,Vlatko Čančar,PF,25,DEN,60,11,0.606,0.507,0.181,3.2,13.1,8.3,11.5,1.2,1.4,13.1,13.8,0.9,0.8,1.7,0.093,-1.7,-0.1,-1.8,0,9,14.8,1.8,3.8,0.476,0.7,1.9,0.374,1.1,1.9,0.58,0.57,0.6,0.7,0.927,0.4,1.7,2.1,1.3,0.4,0.2,0.6,1.4,5
154,Markelle Fultz,PG,24,ORL,60,16.6,0.564,0.128,0.211,4.4,10.5,7.4,29.8,2.4,1.4,15.8,21.3,1.7,2,3.7,0.1,-0.1,0.7,0.5,1.2,60,29.6,5.8,11.3,0.514,0.5,1.5,0.31,5.4,9.9,0.544,0.534,1.9,2.4,0.783,1.2,2.8,3.9,5.7,1.5,0.4,2.3,2.2,14
181,Josh Green,SG,22,DAL,60,11.2,0.645,0.442,0.246,4.1,9.7,6.9,9.7,1.4,0.3,14.5,14.6,1.7,0.9,2.6,0.082,-1.9,-0.6,-2.4,-0.2,21,25.7,3.4,6.4,0.537,1.1,2.8,0.402,2.3,3.6,0.643,0.626,1.1,1.6,0.723,0.9,2.1,3,1.7,0.7,0.1,1.2,2.6,9.1
230,Kyrie Irving,PG-SG,30,TOT,60,22.4,0.613,0.412,0.227,3,12.3,7.7,25.4,1.4,1.7,8.8,28.9,5.4,2,7.4,0.159,4.8,-0.7,4.1,3.5,60,37.4,9.9,20.1,0.494,3.1,8.3,0.379,6.8,11.8,0.574,0.572,4.1,4.6,0.905,1,4.1,5.1,5.5,1.1,0.8,2.1,2.8,27.1
316,Tyrese Maxey,SG,22,PHI,60,17,0.605,0.404,0.233,1.4,8.8,5.2,16.9,1.2,0.4,7.4,24.1,3.7,1.6,5.4,0.128,1.9,-1.2,0.6,1.3,41,33.6,7.3,15.2,0.481,2.7,6.2,0.434,4.7,9.1,0.513,0.568,3,3.6,0.845,0.4,2.6,2.9,3.5,0.8,0.1,1.3,2.2,20.3
396,Norman Powell,SG,29,LAC,60,17.1,0.612,0.404,0.39,1.7,10.7,6.3,11,1.6,1,10.8,26,2.1,1.4,3.5,0.107,0.9,-0.7,0.3,0.9,8,26.1,5.7,11.8,0.479,1.9,4.8,0.397,3.8,7.1,0.534,0.559,3.8,4.6,0.812,0.4,2.5,2.9,1.8,0.8,0.3,1.7,2.1,17
493,Ish Wainright,SF,28,PHO,60,9.2,0.522,0.762,0.137,5.3,11.6,8.4,7.4,2,2.2,8.4,12.2,0.5,1.2,1.7,0.089,-2.7,1.5,-1.2,0.2,2,15.3,1.4,3.8,0.37,1,2.9,0.329,0.5,0.9,0.5,0.496,0.4,0.5,0.839,0.8,1.6,2.3,0.9,0.6,0.4,0.4,2,4.2
9,Jose Alvarado,PG,24,NOP,61,11.8,0.525,0.505,0.164,2.4,9.8,6.1,19.9,2.5,0.7,13.4,19.8,0.1,1.7,1.8,0.066,-2,0.7,-1.2,0.3,10,21.5,3.3,8,0.411,1.4,4,0.336,1.9,4,0.488,0.496,1.1,1.3,0.813,0.5,1.9,2.3,3,1.1,0.2,1.3,2,9
43,Bismack Biyombo,C,30,PHO,61,14.4,0.555,0,0.34,11,22.1,16.5,8.7,1,9,17.7,14,0.2,1.6,1.9,0.102,-3.4,2.5,-0.9,0.2,14,14.3,2,3.4,0.578,0,0,,2,3.4,0.578,0.578,0.4,1.1,0.357,1.5,2.8,4.3,0.9,0.3,1.4,0.8,1.9,4.3
93,Jordan Clarkson,SG,30,UTA,61,14.7,0.558,0.445,0.238,4,9.3,6.7,20.9,0.8,0.6,14,27.8,0.9,0.8,1.7,0.042,1,-2.4,-1.4,0.3,61,32.6,7.5,16.9,0.444,2.5,7.5,0.338,5,9.4,0.53,0.519,3.3,4,0.816,1.2,2.9,4,4.4,0.5,0.2,3,2,20.8
100,Pat Connaughton,SF,30,MIL,61,10,0.531,0.765,0.097,3.8,16.2,10.2,6.9,1.2,0.6,7,13.8,0.7,1.8,2.5,0.085,-1.3,0.3,-1,0.3,33,23.7,2.7,6.9,0.392,1.8,5.3,0.339,0.9,1.6,0.566,0.521,0.4,0.7,0.659,0.8,3.8,4.6,1.3,0.6,0.2,0.5,1.1,7.6
107,Seth Curry,SG,32,BRK,61,12.3,0.593,0.517,0.122,1.2,7.9,4.6,11.9,1.5,0.5,9.7,19.2,0.9,0.9,1.8,0.07,-1.2,-0.9,-2.1,0,7,19.9,3.4,7.4,0.463,1.5,3.8,0.405,1.9,3.6,0.525,0.568,0.8,0.9,0.927,0.2,1.4,1.6,1.6,0.6,0.1,0.8,1.6,9.2
346,Ja Morant,PG,23,MEM,61,23.3,0.557,0.247,0.409,3.3,16.1,9.7,41.1,1.6,0.7,12.6,34.9,3.4,2.6,6,0.148,5.2,0.5,5.7,3.8,59,31.9,9.3,19.9,0.466,1.5,4.9,0.307,7.8,15,0.519,0.504,6.1,8.1,0.748,1,4.9,5.9,8.1,1.1,0.3,3.4,1.6,26.2
449,Marcus Smart,PG,28,BOS,61,12.1,0.538,0.568,0.196,2.6,8,5.3,26.4,2.3,1,17.9,17.8,1,2.7,3.7,0.092,-1.8,0.8,-1,0.5,61,32.1,4.1,9.9,0.415,1.9,5.6,0.336,2.2,4.3,0.519,0.511,1.4,1.9,0.746,0.8,2.4,3.1,6.3,1.5,0.4,2.3,2.8,11.5
474,Xavier Tillman Sr.,C,24,MEM,61,17.3,0.621,0.049,0.291,10.9,16.7,13.8,10.9,2.3,2.2,11.3,13.7,2.3,1.9,4.2,0.171,0.3,1.7,1.9,1.2,29,19.3,3.1,5,0.614,0.1,0.2,0.267,3,4.8,0.632,0.621,0.8,1.5,0.551,2,3,5,1.6,1,0.5,0.7,1.6,7
168,Jordan Goodwin,PG,24,WAS,62,14.8,0.531,0.334,0.195,6,14.3,10.3,20.8,2.6,2,12.9,17.3,0.9,1.3,2.2,0.097,-0.7,1.4,0.7,0.8,7,17.8,2.5,5.7,0.448,0.6,1.9,0.322,1.9,3.8,0.511,0.501,0.9,1.1,0.768,0.9,2.4,3.3,2.7,0.9,0.4,0.9,1.5,6.6
258,Cory Joseph,PG,31,DET,62,12.1,0.558,0.513,0.205,1.8,7.9,4.8,25.4,1.3,0.6,12.8,15.2,1.5,0.3,1.8,0.07,-0.7,-0.8,-1.5,0.2,2,19.8,2.4,5.7,0.427,1.1,2.9,0.389,1.3,2.8,0.468,0.527,0.9,1.2,0.792,0.3,1.4,1.7,3.5,0.5,0.1,0.9,1.4,6.9
279,Anthony Lamb,SF,25,GSW,62,10.9,0.61,0.634,0.191,5.3,14.4,9.9,10.5,1.1,1.5,13.7,13.8,1.2,1.2,2.4,0.096,-1.6,0.4,-1.1,0.3,4,19.3,2.4,5.1,0.471,1.2,3.2,0.367,1.2,1.9,0.652,0.588,0.7,1,0.767,0.9,2.6,3.5,1.5,0.5,0.3,0.9,2.2,6.7
299,Kevin Love,PF,34,TOT,62,13.1,0.548,0.698,0.215,5.5,32.6,18.9,13.2,0.6,0.9,13.1,19.2,0.6,2,2.6,0.099,0.2,0.4,0.6,0.8,20,20,2.7,6.8,0.389,1.6,4.8,0.334,1.1,2.1,0.516,0.506,1.3,1.5,0.879,1,5.5,6.4,1.9,0.3,0.2,1.1,1.6,8.2
349,Monte Morris,PG,27,WAS,62,15,0.579,0.396,0.15,1.8,11.6,6.9,26.4,1.2,0.6,9.9,15.6,3.1,1.1,4.2,0.12,0.8,-0.4,0.5,1.1,61,27.3,4,8.3,0.48,1.3,3.3,0.382,2.7,5,0.543,0.555,1,1.2,0.831,0.4,3,3.4,5.3,0.7,0.2,1,1.2,10.3
368,Jordan Nwora,SF,24,TOT,62,12.2,0.561,0.474,0.193,4.7,15.8,10.4,10.5,1,1,12,19.4,0.5,1,1.5,0.06,-0.8,-1.3,-2.1,0,14,19.2,3.1,7.2,0.436,1.4,3.4,0.408,1.7,3.8,0.462,0.533,1.1,1.4,0.791,0.8,2.9,3.7,1.4,0.4,0.2,1.1,1.2,8.7
390,Michael Porter Jr.,SF,24,DEN,62,16.8,0.621,0.556,0.147,4.2,17.2,10.9,5.3,1,1.4,7.3,22.7,2.6,1.8,4.3,0.116,2,-1.8,0.2,1,62,29,6.4,13.2,0.487,3,7.3,0.414,3.4,5.9,0.579,0.602,1.5,1.9,0.8,1,4.5,5.5,1,0.6,0.5,1.1,1.9,17.4
447,Anfernee Simons,SG,23,POR,62,14.8,0.581,0.538,0.171,0.9,7.6,4.3,18.6,0.9,0.6,10.2,25.1,2.1,0.3,2.5,0.054,1.3,-2.5,-1.1,0.5,62,35,7.5,16.9,0.447,3.4,9.1,0.377,4.1,7.8,0.528,0.548,2.6,2.9,0.894,0.3,2.3,2.6,4.1,0.7,0.2,2.1,2.3,21.1
458,Lamar Stevens,SF,25,CLE,62,9.5,0.524,0.33,0.198,5,16.7,10.9,4,1.2,1.6,7.9,13.6,0.3,1.6,1.9,0.08,-3,0.2,-2.8,-0.2,25,18.1,2.1,4.6,0.448,0.5,1.5,0.316,1.6,3.1,0.513,0.5,0.6,0.9,0.702,0.8,2.6,3.3,0.5,0.4,0.3,0.4,1.3,5.3
481,Myles Turner,C,26,IND,62,20,0.651,0.34,0.377,5.4,22.9,14.2,7.5,0.9,6.6,10.8,22,3.4,2,5.4,0.142,1.4,0.7,2.1,1.9,62,29.4,6.5,11.8,0.548,1.5,4,0.373,5,7.8,0.638,0.612,3.5,4.5,0.783,1.4,6.1,7.5,1.4,0.6,2.3,1.7,3.5,18
504,Trendon Watford,PF,22,POR,62,13.6,0.625,0.198,0.31,4.1,19.2,11.6,16,1.3,0.9,16.2,16.1,1.3,0.7,2.1,0.084,-1.4,-0.4,-1.8,0.1,12,19.1,2.9,5.2,0.56,0.4,1,0.391,2.5,4.2,0.602,0.599,1.2,1.6,0.72,0.7,3.2,3.8,2.1,0.5,0.2,1.1,1.9,7.4
11,Giannis Antetokounmpo,PF,28,MIL,63,29,0.605,0.134,0.604,7.3,30,19.1,33.2,1.2,2.1,13.2,38.8,4.9,3.7,8.6,0.204,5.8,2.7,8.5,5.4,63,32.1,11.2,20.3,0.553,0.7,2.7,0.275,10.5,17.6,0.596,0.572,7.9,12.3,0.645,2.2,9.6,11.8,5.7,0.8,0.8,3.9,3.1,31.1
97,Zach Collins,C,25,SAS,63,16.4,0.599,0.268,0.259,8.5,22.5,15.2,18,1.2,2.8,17.4,21.2,1.2,1,2.2,0.074,-0.5,0.3,-0.2,0.6,26,22.9,4.5,8.7,0.518,0.9,2.3,0.374,3.6,6.4,0.571,0.568,1.7,2.3,0.761,1.8,4.5,6.4,2.9,0.6,0.8,2,3.2,11.6
172,Jerami Grant,PF,28,POR,63,16,0.606,0.393,0.375,2.7,11.9,7.2,10.3,1.1,2.1,9.8,22.8,3.1,1,4.1,0.087,1.2,-1.4,-0.2,1,63,35.7,6.9,14.5,0.475,2.3,5.7,0.401,4.6,8.8,0.523,0.554,4.4,5.4,0.813,0.8,3.7,4.5,2.4,0.8,0.8,1.8,2.4,20.5
185,Rui Hachimura,PF,24,TOT,63,13.2,0.556,0.274,0.204,4.1,16.5,10.5,5.8,0.6,1.5,7.7,20.2,0.6,1.3,1.8,0.06,-1.3,-1,-2.2,-0.1,9,23.3,4.5,9.3,0.486,0.8,2.5,0.319,3.7,6.7,0.55,0.53,1.4,1.9,0.739,0.8,3.7,4.5,0.9,0.3,0.4,0.8,1.1,11.2
213,Aaron Holiday,PG,26,ATL,63,9.4,0.528,0.4,0.145,3.2,6.4,4.8,13,2.1,1.2,13.3,13.4,0.3,0.6,0.9,0.053,-2.9,0.9,-2,0,6,13.4,1.5,3.5,0.418,0.6,1.4,0.409,0.9,2.1,0.424,0.5,0.4,0.5,0.844,0.4,0.8,1.2,1.4,0.6,0.2,0.6,1.3,3.9
217,Al Horford,C,36,BOS,63,13.8,0.631,0.678,0.044,4.2,17.7,11.1,13.2,0.8,2.7,7,11.9,3.6,2.7,6.3,0.157,1.6,1.7,3.3,2.5,63,30.5,3.6,7.6,0.476,2.3,5.2,0.446,1.3,2.4,0.539,0.627,0.2,0.3,0.714,1.2,5,6.2,3,0.5,1,0.6,1.9,9.8
234,Isaiah Jackson,C,21,IND,63,17.5,0.595,0.044,0.459,12.1,18,15,7,1.4,7.7,11.8,17.4,1.5,1.2,2.7,0.124,-1.7,0.9,-0.8,0.3,12,16.5,2.8,5,0.563,0,0.2,0.143,2.8,4.8,0.582,0.566,1.5,2.3,0.651,1.8,2.7,4.5,0.8,0.5,1.5,0.8,2.4,7.2
235,Jaren Jackson Jr.,C,23,MEM,63,21.6,0.613,0.343,0.372,6.4,18.8,12.6,5,1.7,9.6,10.1,24.7,2.8,3.8,6.6,0.177,0.7,2,2.8,2.2,63,28.4,6.6,13,0.506,1.6,4.5,0.355,5,8.6,0.585,0.567,3.8,4.9,0.788,1.7,5,6.8,1,1,3,1.7,3.6,18.6
246,Keldon Johnson,SF,23,SAS,63,15.3,0.551,0.366,0.294,2.9,14.4,8.4,13.7,1.1,0.4,9.6,27.9,0.7,0.5,1.3,0.03,0.7,-2.5,-1.8,0.1,63,32.7,8,17.7,0.452,2.1,6.5,0.329,5.9,11.2,0.523,0.512,3.9,5.2,0.749,0.9,4.2,5,2.9,0.7,0.2,2.1,2,22
271,Kevin Knox,SF-PF,23,TOT,63,11.1,0.579,0.56,0.181,3.9,17.3,10.5,5.2,1.2,1.1,12.2,18.4,0.2,0.5,0.7,0.034,-2.1,-1.4,-3.5,-0.4,5,15.1,2.4,5.3,0.458,1,3,0.349,1.4,2.3,0.596,0.556,0.7,1,0.767,0.5,2.3,2.8,0.5,0.4,0.2,0.8,1.5,6.6
343,Moses Moody,SG,20,GSW,63,10.3,0.603,0.595,0.233,3.8,10.2,7.1,8.2,1,0.8,12,14.6,0.7,0.6,1.3,0.076,-1.7,-0.9,-2.6,-0.1,3,13,1.7,3.6,0.476,0.8,2.1,0.363,0.9,1.5,0.641,0.584,0.6,0.8,0.698,0.4,1.2,1.7,0.8,0.3,0.1,0.5,0.9,4.8
354,Mike Muscala,C,31,TOT,63,13,0.608,0.709,0.178,4.2,19.1,11.6,7.1,0.8,2.3,6.8,15.1,1.4,1.1,2.5,0.128,-0.3,-0.1,-0.4,0.4,9,15,2.1,4.6,0.449,1.3,3.3,0.391,0.8,1.3,0.588,0.587,0.6,0.8,0.769,0.6,2.6,3.2,0.8,0.2,0.4,0.4,1.6,6.1
423,Terrence Ross,SG,31,TOT,63,10.2,0.544,0.555,0.073,1.8,11.2,6.5,10.2,1.3,0.7,8.2,16.8,0.5,1.2,1.6,0.059,-1.8,-0.3,-2.1,0,9,21.1,3.2,7.4,0.43,1.5,4.1,0.368,1.7,3.3,0.507,0.532,0.4,0.5,0.794,0.3,2.1,2.4,1.5,0.6,0.2,0.7,1.5,8.3
424,Terry Rozier,SG,28,CHO,63,14.7,0.517,0.425,0.185,2.4,10.2,6.2,22.7,1.6,0.6,9.4,26.9,0.1,1.6,1.7,0.037,0.6,-1.1,-0.6,0.8,63,35.3,7.8,18.9,0.415,2.6,8,0.327,5.2,10.8,0.48,0.484,2.8,3.5,0.809,0.8,3.3,4.1,5.1,1.2,0.3,2.1,1.9,21.1
75,Jimmy Butler,PF,33,MIA,64,27.6,0.647,0.116,0.625,7.5,13.3,10.3,27.1,2.7,1,8.2,25.6,9.4,2.9,12.3,0.277,6.7,2,8.7,5.8,64,33.4,7.5,13.9,0.539,0.6,1.6,0.35,6.9,12.3,0.564,0.56,7.4,8.7,0.85,2.2,3.7,5.9,5.3,1.8,0.3,1.6,1.3,22.9
91,Josh Christopher,SG,21,HOU,64,11.5,0.523,0.271,0.182,2.8,7.2,5,14.3,2,1.9,14.4,21.9,-0.3,0.3,0,-0.001,-3,-1.4,-4.3,-0.5,2,12.3,2.4,5.1,0.465,0.3,1.4,0.236,2.1,3.8,0.55,0.497,0.7,0.9,0.75,0.3,0.8,1.1,1.1,0.5,0.2,0.9,0.9,5.8
112,Terence Davis,SG,25,SAC,64,12.9,0.563,0.668,0.118,2.7,16.1,9.4,11.1,2.4,1.2,12.2,22.2,0,0.9,0.9,0.054,-1.3,-0.3,-1.5,0.1,5,13.1,2.4,5.7,0.423,1.4,3.8,0.366,1,1.9,0.537,0.545,0.5,0.7,0.791,0.3,1.9,2.2,1,0.7,0.2,0.8,1.6,6.7
252,Derrick Jones Jr.,PF,25,CHI,64,13.8,0.597,0.348,0.365,7.7,11.6,9.7,5.1,1.6,4,8.6,14.5,1.2,1.2,2.4,0.131,-1.2,0.8,-0.4,0.3,0,14,1.8,3.6,0.5,0.4,1.3,0.338,1.4,2.3,0.587,0.559,1,1.3,0.738,0.9,1.5,2.4,0.5,0.5,0.6,0.4,1.3,5
278,Kyle Kuzma,PF,27,WAS,64,14.3,0.544,0.421,0.208,2.8,19.5,11.5,16.5,0.8,1.1,13.2,27.9,-1,1.9,0.9,0.019,-0.2,-1.5,-1.7,0.2,64,35,8,17.8,0.448,2.5,7.5,0.333,5.5,10.3,0.533,0.518,2.7,3.7,0.73,0.9,6.4,7.2,3.7,0.6,0.5,3,2.3,21.2
318,Miles McBride,PG,22,NYK,64,8.4,0.475,0.623,0.195,1.9,5.4,3.6,12.4,2.4,1,9.7,14.6,0,0.7,0.7,0.047,-3.6,1.4,-2.3,-0.1,2,11.9,1.2,3.4,0.358,0.6,2.1,0.299,0.6,1.3,0.457,0.451,0.4,0.7,0.667,0.2,0.6,0.8,1.1,0.6,0.1,0.4,0.9,3.5
324,Doug McDermott,SF,31,SAS,64,11.2,0.59,0.57,0.134,1.9,9.9,5.8,9.8,0.5,0.4,9.5,19.2,1,0,1,0.035,-0.7,-2.5,-3.2,-0.4,0,20.5,3.7,8.2,0.457,1.9,4.7,0.413,1.8,3.5,0.516,0.575,0.8,1.1,0.757,0.4,1.8,2.2,1.4,0.2,0.1,0.9,1.8,10.2
406,Austin Reaves,SG,24,LAL,64,14.9,0.687,0.441,0.541,2,9,5.6,15.7,0.8,0.9,14,16.2,4.1,1.4,5.4,0.142,0.6,0.1,0.7,1.2,22,28.8,4,7.7,0.529,1.3,3.4,0.398,2.7,4.3,0.631,0.616,3.6,4.1,0.864,0.5,2.5,3,3.4,0.5,0.3,1.5,1.7,13
59,Oshae Brissett,PF,24,IND,65,10.6,0.52,0.486,0.455,6.4,16,11.2,5.4,1.4,1,8.2,16.1,0.4,0.7,1.1,0.05,-2,-1.2,-3.2,-0.3,2,16.7,1.9,4.9,0.386,0.7,2.4,0.31,1.2,2.5,0.457,0.461,1.6,2.2,0.717,1,2.4,3.4,0.7,0.5,0.2,0.5,1.2,6.1
81,Clint Capela,C,28,ATL,65,22.1,0.656,0.002,0.244,16.1,29.4,22.7,4.7,1.2,3.9,8.3,15.7,4.9,2.4,7.2,0.201,2.3,-0.1,2.2,1.8,63,26.6,5.4,8.2,0.653,0,0,0,5.4,8.2,0.654,0.653,1.2,2,0.603,4,7.1,11,0.9,0.7,1.2,0.8,2.1,12
218,Talen Horton-Tucker,SG,22,UTA,65,13.7,0.508,0.331,0.274,3.4,13.7,8.6,27.4,1.5,1.9,15.5,25.9,-0.3,1.1,0.8,0.029,-1.1,-0.5,-1.6,0.2,20,20.2,4,9.4,0.419,0.9,3.1,0.286,3.1,6.3,0.485,0.467,1.9,2.6,0.75,0.6,2.6,3.2,3.8,0.6,0.4,1.9,1.7,10.7
347,Marcus Morris,PF,33,LAC,65,10.5,0.534,0.479,0.135,1.8,13.9,7.9,8.9,1.1,1,7.6,17.6,0.4,1.6,2,0.053,-1.8,-0.2,-1.9,0,65,28.1,4.2,9.9,0.426,1.7,4.7,0.364,2.5,5.2,0.484,0.513,1,1.3,0.782,0.4,3.5,4,1.8,0.6,0.3,0.9,2.1,11.2
352,Jamal Murray,PG,25,DEN,65,18,0.571,0.415,0.207,2.7,11,6.9,27.5,1.5,0.7,11.3,26.1,3.3,1.9,5.1,0.116,2.6,-1.3,1.3,1.8,65,32.8,7.3,16,0.454,2.6,6.6,0.398,4.6,9.4,0.494,0.537,2.8,3.3,0.833,0.7,3.2,4,6.2,1,0.2,2.2,1.6,20
356,Larry Nance Jr.,C,30,NOP,65,16,0.649,0.138,0.259,8.7,20.3,14.5,11.7,2,2.6,11,11.9,2.8,2.1,4.9,0.171,0,2,2,1.4,1,21.2,2.9,4.7,0.61,0.2,0.6,0.333,2.6,4,0.654,0.633,0.8,1.2,0.696,1.6,3.8,5.4,1.8,0.9,0.6,0.6,2,6.8
364,Jaylen Nowell,SG,23,MIN,65,13.7,0.527,0.371,0.158,3.3,11.7,7.6,15.9,1.6,0.3,8.9,25,0,1.2,1.2,0.046,-1.5,-1,-2.5,-0.2,2,19.3,4.3,9.6,0.448,1,3.6,0.289,3.3,6,0.542,0.502,1.2,1.5,0.778,0.6,2.1,2.6,2,0.6,0.1,1,1.6,10.8
393,Kristaps Porziņģis,C,27,WAS,65,23.1,0.627,0.35,0.409,6.2,21.8,14.3,12.9,1.3,4,10.2,27.4,5,2.7,7.7,0.174,3.8,0.5,4.3,3.4,65,32.6,7.8,15.7,0.498,2.1,5.5,0.385,5.7,10.2,0.559,0.565,5.4,6.4,0.851,1.8,6.6,8.4,2.7,0.9,1.5,2.1,3,23.2
412,Nick Richards,C,25,CHO,65,18.3,0.676,0.003,0.585,12.6,24,18.2,4.5,0.4,5.1,13,15.6,2.7,1.5,4.2,0.165,-1,-0.2,-1.3,0.2,9,18.7,3,4.8,0.629,0,0,1,3,4.8,0.628,0.631,2.1,2.8,0.749,2.3,4.1,6.4,0.6,0.2,1.1,0.9,2.4,8.2
413,Josh Richardson,SG,29,TOT,65,12.3,0.555,0.529,0.146,2.9,9.9,6.3,15.8,2.2,1.2,12.7,18.4,0.6,1.1,1.8,0.055,-1,-0.1,-1.2,0.3,10,23.5,3.7,8.5,0.431,1.6,4.5,0.365,2,4,0.506,0.528,1.1,1.2,0.852,0.6,2.1,2.7,2.7,1.1,0.3,1.3,1.8,10.1
55,Malaki Branham,SG,19,SAS,66,9.5,0.524,0.417,0.115,1.9,11.2,6.4,11.4,1,0.4,10.6,19.1,-0.4,0.2,-0.1,-0.004,-3,-2.1,-5.2,-1.3,32,23.5,4.1,9.3,0.44,1.2,3.9,0.302,2.9,5.4,0.539,0.503,0.9,1.1,0.829,0.4,2.3,2.7,1.9,0.5,0.1,1.2,1.7,10.2
125,Luka Dončić,PG,23,DAL,66,28.7,0.609,0.373,0.479,2.6,25.4,13.8,42.3,1.9,1.2,11.9,37.6,7.3,2.9,10.2,0.204,7.6,1.4,8.9,6.6,66,36.2,10.9,22,0.496,2.8,8.2,0.342,8.1,13.8,0.588,0.56,7.8,10.5,0.742,0.8,7.8,8.6,8,1.4,0.5,3.6,2.5,32.4
143,Joel Embiid,C,28,PHI,66,31.4,0.655,0.151,0.581,5.9,28.3,17.3,22.9,1.4,4.6,11.9,37,8.4,3.9,12.3,0.259,6.8,2.3,9.2,6.4,66,34.6,11,20.1,0.548,1,3,0.33,10,17.1,0.587,0.573,10,11.7,0.857,1.7,8.4,10.2,4.2,1,1.7,3.4,3.1,33.1
146,Dorian Finney-Smith,PF,29,TOT,66,9.2,0.523,0.675,0.118,6.5,11.5,9,6.7,1.4,1.6,10.5,13.2,0.6,1.6,2.1,0.051,-1.7,-0.3,-2,0,66,30.4,3,7.6,0.391,1.7,5.1,0.337,1.2,2.5,0.503,0.505,0.7,0.9,0.763,1.7,3.1,4.8,1.5,0.8,0.5,0.9,2.2,8.3
253,Herbert Jones,PF,24,NOP,66,12.1,0.567,0.333,0.321,5.6,10,7.8,11.1,2.6,2.1,13.3,14.5,1.5,2.7,4.2,0.104,-1.9,1.7,-0.3,0.8,66,29.6,3.6,7.6,0.469,0.8,2.5,0.335,2.7,5.1,0.536,0.525,1.9,2.4,0.764,1.5,2.6,4.1,2.5,1.6,0.6,1.3,3.2,9.8
307,Lauri Markkanen,PF,25,UTA,66,22.1,0.64,0.446,0.348,6.3,20.7,13.6,8.6,0.9,1.4,8.8,26.6,6.3,1.9,8.2,0.173,4.9,-1,3.8,3.3,66,34.4,8.7,17.3,0.499,3,7.7,0.391,5.6,9.6,0.585,0.586,5.3,6,0.875,2,6.7,8.6,1.9,0.6,0.6,1.9,2.1,25.6
331,Chimezie Metu,PF,25,SAC,66,17.3,0.639,0.174,0.333,7.8,24.9,16.4,8.1,1.5,2.7,11.3,17.6,1.2,0.8,2.1,0.143,-0.3,0.2,-0.1,0.3,0,10.4,2,3.3,0.589,0.1,0.6,0.237,1.8,2.7,0.663,0.61,0.8,1.1,0.74,0.7,2.3,3,0.6,0.3,0.3,0.5,1.2,4.9
434,Dennis Schröder,PG,29,LAL,66,11.5,0.545,0.346,0.388,1.2,7.5,4.4,20.1,1.2,0.4,12.8,18.6,1.3,1.5,2.8,0.068,-2.4,-0.5,-2.9,-0.4,50,30.1,4.1,9.8,0.415,1.1,3.4,0.329,3,6.4,0.461,0.472,3.3,3.8,0.857,0.3,2.2,2.5,4.5,0.8,0.2,1.7,2.2,12.6
479,Gary Trent Jr.,SG,24,TOR,66,15,0.56,0.481,0.219,1.5,8.2,4.6,7.4,2.4,0.6,5.1,21.7,2.5,2,4.5,0.102,0.2,0,0.2,1.2,44,32.1,6.1,14.2,0.433,2.5,6.8,0.369,3.6,7.3,0.493,0.522,2.6,3.1,0.839,0.5,2.2,2.6,1.6,1.6,0.2,0.8,1.5,17.4
14,OG Anunoby,SF,25,TOR,67,14.6,0.586,0.415,0.189,4.2,12.1,7.9,8,2.7,2,12.1,19.5,1.8,2.9,4.7,0.094,-0.3,0.7,0.4,1.5,67,35.6,6.3,13.2,0.476,2.1,5.5,0.387,4.2,7.7,0.539,0.556,2.1,2.5,0.838,1.4,3.5,5,2,1.9,0.7,2,3,16.8
17,Deandre Ayton,C,24,PHO,67,19.9,0.617,0.027,0.225,9.2,27.5,18.1,9.2,0.9,2.3,11,22.9,3.3,3,6.2,0.147,0.9,0,0.9,1.5,67,30.4,7.8,13.2,0.589,0.1,0.4,0.292,7.7,12.9,0.597,0.592,2.3,3,0.76,2.6,7.4,10,1.7,0.6,0.8,1.8,2.8,18
32,Keita Bates-Diop,PF,27,SAS,67,14.9,0.609,0.305,0.323,4.7,14.3,9.3,9.8,1.5,1.1,9.5,16.7,2.1,0.6,2.7,0.089,0.3,-0.9,-0.6,0.5,42,21.7,3.5,6.9,0.508,0.8,2.1,0.394,2.7,4.8,0.557,0.568,1.8,2.2,0.793,1,2.7,3.7,1.5,0.7,0.3,0.8,0.9,9.7
39,Patrick Beverley,SG-PG,34,TOT,67,8.9,0.534,0.664,0.181,2.7,12,7.5,13.3,1.7,2,13.4,10.6,0.8,2.1,3,0.079,-2.9,1.7,-1.2,0.3,67,27.1,2.1,5.4,0.4,1.2,3.6,0.335,1,1.8,0.529,0.511,0.7,1,0.723,0.7,3,3.7,2.9,0.9,0.6,0.9,2.8,6.2
60,Malcolm Brogdon,PG,30,BOS,67,18.2,0.615,0.406,0.251,2.7,14.7,8.8,21.5,1.3,0.9,10.8,22.8,3.6,2.2,5.8,0.161,2.3,0.6,2.8,2.1,0,26,5.3,10.9,0.484,2,4.4,0.444,3.3,6.5,0.51,0.574,2.4,2.7,0.87,0.6,3.6,4.2,3.7,0.7,0.3,1.5,1.6,14.9
64,Jaylen Brown,SF,26,BOS,67,19.1,0.581,0.352,0.249,3.6,17,10.4,16.5,1.5,0.9,11.4,31.4,1.6,3.4,5,0.1,1.5,-0.2,1.3,2,67,35.9,10.1,20.6,0.491,2.4,7.3,0.335,7.7,13.4,0.576,0.55,3.9,5.1,0.765,1.2,5.7,6.9,3.5,1.1,0.4,2.9,2.6,26.6
86,Alex Caruso,PG,28,CHI,67,11.5,0.588,0.528,0.255,3.1,10.9,7.1,15.4,3,2.8,19.5,11.1,1,2.6,3.6,0.109,-2.2,3.3,1.1,1.2,36,23.5,1.9,4.3,0.455,0.8,2.3,0.364,1.1,2,0.556,0.551,0.9,1.1,0.808,0.6,2.3,2.9,2.9,1.5,0.7,1.1,2.4,5.6
99,Mike Conley,PG,35,TOT,67,14.7,0.583,0.575,0.277,1.8,7.9,4.9,29.4,1.7,0.6,13.1,16.3,4.1,1.4,5.5,0.13,1,-0.1,0.9,1.5,66,30.3,3.9,9.1,0.428,2,5.2,0.385,1.9,3.9,0.486,0.539,2.1,2.5,0.834,0.5,2.2,2.7,6.7,1.1,0.2,1.5,2.1,11.9
133,Andre Drummond,C,29,CHI,67,20.8,0.606,0.011,0.456,18.7,40.2,29.6,5.7,2.6,3.1,18.6,21,0.8,2,2.8,0.159,-1.2,0.5,-0.8,0.3,0,12.7,2.5,4.1,0.606,0,0,0,2.5,4,0.613,0.606,1,1.9,0.536,2.1,4.6,6.6,0.5,0.7,0.4,1.1,1.7,6
138,Jalen Duren,C,19,DET,67,17.3,0.655,0.005,0.394,14.7,25.1,19.7,6.8,1.3,3.1,16.5,14.3,2.9,1.6,4.5,0.129,-0.4,-0.4,-0.8,0.5,31,24.9,3.9,5.9,0.648,0,0,0,3.9,5.9,0.652,0.648,1.4,2.3,0.611,3.4,5.5,8.9,1.1,0.7,0.9,1.4,2.7,9.1
208,Tyler Herro,SG,23,MIA,67,15.3,0.566,0.484,0.164,1.3,17.3,9,19.9,1.1,0.7,11.7,25.6,1.1,2.4,3.5,0.072,1.5,-0.8,0.6,1.6,67,34.9,7.3,16.6,0.439,3,8,0.378,4.2,8.5,0.497,0.531,2.5,2.7,0.934,0.4,5,5.4,4.2,0.8,0.2,2.4,1.5,20.1
214,Jrue Holiday,PG,32,MIL,67,19.2,0.586,0.402,0.173,3.9,12,8.1,34.4,1.7,0.9,15.2,25,3.9,2.8,6.7,0.148,3,0.1,3.1,2.8,65,32.6,7.3,15.3,0.479,2.4,6.1,0.384,5,9.1,0.542,0.556,2.3,2.6,0.859,1.2,3.9,5.1,7.4,1.2,0.4,2.9,1.7,19.3
224,De'Andre Hunter,SF,25,ATL,67,11.5,0.563,0.348,0.252,2.3,12.4,7.3,6,0.8,0.7,8.2,19.7,1.4,1.2,2.5,0.057,-1.9,-1.4,-3.3,-0.7,67,31.7,5.7,12.3,0.461,1.5,4.3,0.35,4.2,8,0.521,0.522,2.6,3.1,0.826,0.7,3.6,4.2,1.4,0.5,0.3,1.2,3,15.4
277,Jonathan Kuminga,PF,20,GSW,67,13.3,0.597,0.294,0.278,5.6,12.5,9.1,12.7,1.4,2,14.6,19.6,1,1.4,2.4,0.084,-1.7,-0.1,-1.7,0.1,16,20.8,3.9,7.4,0.525,0.8,2.2,0.37,3.1,5.2,0.59,0.579,1.3,2.1,0.652,1,2.4,3.4,1.9,0.6,0.5,1.4,2.3,9.9
305,Tre Mann,PG,21,OKC,67,10,0.492,0.513,0.11,2.4,11.8,7,14,1.6,0.9,10.6,20.7,-0.6,1.1,0.5,0.021,-3,-1,-3.9,-0.6,5,17.7,2.9,7.5,0.393,1.2,3.8,0.315,1.7,3.6,0.475,0.474,0.6,0.8,0.764,0.4,1.9,2.3,1.8,0.6,0.2,0.9,1.5,7.7
476,Obi Toppin,PF,24,NYK,67,13.6,0.565,0.589,0.112,3,16.6,9.8,9.2,1.1,1.1,8,19.5,1.1,1,2.1,0.095,0.3,-0.8,-0.5,0.4,5,15.7,2.8,6.3,0.446,1.3,3.7,0.344,1.5,2.6,0.593,0.548,0.6,0.7,0.809,0.4,2.4,2.8,1,0.3,0.2,0.6,1,7.4
531,Christian Wood,C,27,DAL,67,20.6,0.624,0.363,0.365,5.8,27.4,16.4,11.7,0.9,3.7,11.9,26.4,2.7,2.1,4.8,0.132,1.9,-0.3,1.7,1.6,17,25.9,5.9,11.5,0.515,1.6,4.2,0.376,4.3,7.3,0.594,0.583,3.2,4.2,0.772,1.3,6,7.3,1.8,0.4,1.1,1.8,2.5,16.6
8,Jarrett Allen,C,24,CLE,68,19.9,0.67,0.016,0.353,11.7,23.6,17.7,7.5,1.2,3.5,11.4,16.4,5.5,4,9.5,0.205,1.3,1,2.4,2.4,68,32.6,5.9,9.2,0.644,0,0.1,0.1,5.9,9.1,0.653,0.645,2.4,3.3,0.733,3.3,6.5,9.8,1.7,0.8,1.2,1.4,2.3,14.3
69,Jalen Brunson,PG,26,NYK,68,21.2,0.597,0.269,0.328,1.8,9.3,5.6,28.7,1.3,0.6,9.4,27.2,6.9,1.8,8.7,0.175,4.4,-0.5,3.9,3.5,68,35,8.6,17.6,0.491,2,4.7,0.416,6.7,12.8,0.519,0.547,4.8,5.8,0.829,0.6,3,3.5,6.2,0.9,0.2,2.1,2.2,24
155,Wenyen Gabriel,C,25,LAL,68,14.4,0.626,0.138,0.323,12.6,17.2,15,4.8,1.2,2.9,13.4,14.1,1.5,1.3,2.8,0.132,-2.3,0.1,-2.2,-0.1,2,15.1,2.3,3.8,0.596,0.1,0.5,0.278,2.1,3.3,0.647,0.615,0.8,1.2,0.619,1.7,2.5,4.2,0.5,0.4,0.5,0.7,2.1,5.5
164,Shai Gilgeous-Alexander,PG,24,OKC,68,27.2,0.626,0.122,0.535,2.6,12.2,7.3,25.7,2.2,2.5,10.1,32.8,8.4,3,11.4,0.226,5.7,1.5,7.3,5.6,68,35.5,10.4,20.3,0.51,0.9,2.5,0.345,9.5,17.8,0.533,0.531,9.8,10.9,0.905,0.9,4,4.8,5.5,1.6,1,2.8,2.8,31.4
169,Aaron Gordon,PF,27,DEN,68,19.5,0.617,0.227,0.413,9.4,15.4,12.5,14.2,1.3,2.2,9.8,21.1,4.6,2.2,6.8,0.158,2.4,-0.3,2.1,2.1,68,30.2,6.3,11.2,0.564,0.9,2.5,0.347,5.4,8.6,0.628,0.603,2.8,4.6,0.608,2.4,4.1,6.6,3,0.8,0.8,1.4,1.9,16.3
238,Reggie Jackson,PG,32,TOT,68,10,0.514,0.45,0.122,1.7,8,4.9,20,1.4,0.3,14.6,20.8,-0.6,1.2,0.6,0.018,-2.9,-1.1,-3.9,-0.8,40,24.4,3.9,9.4,0.411,1.4,4.2,0.333,2.5,5.2,0.474,0.486,1,1.1,0.91,0.4,1.8,2.1,3.4,0.7,0.1,1.7,1.7,10.2
255,Tre Jones,PG,23,SAS,68,16,0.534,0.213,0.231,3,10.8,6.7,31.5,2.1,0.4,11.8,19.3,2.6,0.8,3.4,0.082,-0.2,-0.8,-1,0.5,65,29.2,5,10.9,0.459,0.7,2.3,0.285,4.4,8.6,0.506,0.489,2.2,2.5,0.86,0.8,2.8,3.6,6.6,1.3,0.1,1.6,1.4,12.9
338,Donovan Mitchell,SG,26,CLE,68,22.9,0.614,0.453,0.262,3.1,10.9,7,21.4,2,1,10.3,32.1,5.4,3.5,8.9,0.176,5.6,0.6,6.3,5,68,35.8,10,20.6,0.484,3.6,9.3,0.386,6.4,11.3,0.566,0.572,4.7,5.4,0.867,0.9,3.3,4.3,4.4,1.5,0.4,2.6,2.5,28.3
376,Kelly Olynyk,C,31,UTA,68,14.4,0.643,0.424,0.417,4.6,18.6,11.7,17.6,1.5,1.6,20.3,17.8,2.4,1.9,4.3,0.106,-0.4,0.9,0.4,1.2,68,28.6,4.1,8.2,0.499,1.4,3.5,0.394,2.7,4.7,0.576,0.583,2.9,3.4,0.853,1.2,5,6.2,3.7,0.9,0.5,2.5,3.4,12.5
410,Naz Reid,C,23,MIN,68,18.5,0.617,0.376,0.22,6.6,22.8,14.9,9.6,1.6,3.7,12.7,24.8,1.1,1.9,3,0.114,0.3,0.8,1,1,11,18.4,4.6,8.5,0.537,1.1,3.2,0.346,3.5,5.3,0.653,0.602,1.3,1.9,0.677,1.1,3.8,4.9,1.1,0.6,0.8,1.4,2.6,11.5
454,Jalen Smith,C,22,IND,68,15.9,0.565,0.376,0.27,11.2,22.9,17.1,7.6,0.8,4,11.2,21,1.1,1.1,2.3,0.085,-0.9,-1.1,-2.1,0,31,18.8,3.6,7.5,0.476,0.8,2.8,0.283,2.8,4.7,0.593,0.53,1.5,2,0.759,1.9,3.9,5.8,1,0.3,0.9,1.1,2.3,9.4
487,Gabe Vincent,PG,26,MIA,68,9,0.533,0.617,0.138,1.7,8.1,4.8,13.9,1.8,0.3,13.3,17.5,-0.3,1.7,1.4,0.038,-3.1,-0.3,-3.4,-0.6,34,25.9,3.4,8.3,0.402,1.7,5.1,0.334,1.6,3.2,0.512,0.505,1,1.1,0.872,0.4,1.7,2.1,2.5,0.9,0.1,1.4,2.3,9.4
10,Kyle Anderson,PF,29,MIN,69,14.8,0.583,0.212,0.275,3.8,16.9,10.5,22.6,1.9,2.8,15.7,14.4,2.5,2.6,5.1,0.125,0.2,2.3,2.5,2.2,46,28.4,3.7,7.2,0.509,0.6,1.5,0.41,3,5.7,0.536,0.553,1.4,2,0.735,1,4.4,5.3,4.9,1.1,0.9,1.5,2.1,9.4
157,Darius Garland,PG,23,CLE,69,18.8,0.587,0.365,0.284,1.3,7.6,4.5,34.1,1.7,0.3,13.5,26.9,4.5,3,7.6,0.148,3.2,-0.7,2.4,2.7,69,35.5,7.6,16.4,0.462,2.4,6,0.41,5.1,10.4,0.492,0.537,4,4.7,0.863,0.4,2.3,2.7,7.8,1.2,0.1,2.9,2.1,21.6
170,Eric Gordon,SG,34,TOT,69,11.8,0.587,0.545,0.265,0.9,6.7,3.8,13.4,1.1,1.2,12.5,17.8,1.8,0.5,2.3,0.056,-0.5,-1.4,-1.9,0.1,58,28.5,4.2,9.5,0.446,1.9,5.2,0.371,2.3,4.3,0.535,0.547,2.1,2.5,0.821,0.2,1.7,1.9,2.7,0.6,0.4,1.5,1.1,12.4
249,Nikola Jokić,C,27,DEN,69,31.5,0.701,0.146,0.406,8.5,31.3,20.2,46.6,1.8,1.8,17,27.2,11.2,3.8,14.9,0.308,8.5,4.5,13,8.8,69,33.7,9.4,14.8,0.632,0.8,2.2,0.383,8.5,12.7,0.675,0.66,4.9,6,0.822,2.4,9.4,11.8,9.8,1.3,0.7,3.6,2.5,24.5
275,Luke Kornet,C,27,BOS,69,16.7,0.697,0.076,0.229,11.9,14.8,13.4,9.1,0.7,4.9,11.8,11.5,2.1,1.2,3.3,0.198,-0.4,1.3,1,0.6,0,11.7,1.6,2.5,0.665,0,0.2,0.231,1.6,2.3,0.701,0.674,0.5,0.6,0.821,1.2,1.6,2.9,0.8,0.2,0.7,0.4,1.2,3.8
280,Jock Landale,C,27,PHO,69,16.4,0.595,0.249,0.312,13.2,18.6,15.8,10.1,0.8,2.7,13.3,19.3,1.5,1.2,2.7,0.132,-0.7,-0.4,-1.1,0.2,4,14.2,2.6,4.9,0.528,0.3,1.2,0.25,2.3,3.7,0.621,0.559,1.1,1.5,0.752,1.7,2.3,4.1,1,0.2,0.4,0.9,1.8,6.6
409,Paul Reed,C,23,PHI,69,19.2,0.62,0.029,0.244,17.8,23.1,20.5,5.3,3,6.3,16.3,16.4,1.2,1.6,2.8,0.18,-1.6,1.5,-0.1,0.4,2,10.9,1.8,3,0.593,0,0.1,0.167,1.8,2.9,0.606,0.596,0.6,0.7,0.745,1.6,2.2,3.8,0.4,0.7,0.7,0.7,1.8,4.2
471,Klay Thompson,SF,32,GSW,69,14.7,0.576,0.584,0.105,1.9,11.7,6.9,11,1,1.1,8.6,26.4,1.2,1.9,3.1,0.066,1.5,-1.7,-0.3,1,69,33,7.9,18.1,0.436,4.4,10.6,0.412,3.6,7.6,0.47,0.556,1.7,1.9,0.879,0.6,3.6,4.1,2.4,0.7,0.4,1.8,1.9,21.9
472,JT Thor,PF,20,CHO,69,7,0.506,0.517,0.197,3.9,13,8.4,4.9,1.1,2.1,14.5,13.1,-0.6,0.8,0.2,0.009,-4.3,-0.4,-4.7,-0.7,8,14,1.4,3.4,0.399,0.6,1.8,0.317,0.8,1.7,0.487,0.481,0.5,0.7,0.702,0.5,1.7,2.2,0.5,0.3,0.3,0.6,1,3.8
485,Fred VanVleet,PG,28,TOR,69,17,0.54,0.545,0.254,1.2,12,6.3,28.1,2.4,1.5,10.2,23.2,3.7,2.8,6.5,0.123,2,0.5,2.5,2.9,69,36.7,6.3,16.1,0.393,3,8.8,0.342,3.3,7.3,0.455,0.486,3.7,4.1,0.898,0.4,3.6,4.1,7.2,1.8,0.6,2,2.8,19.3
47,Bol Bol,PF,23,ORL,70,14.4,0.603,0.236,0.226,5.2,25.3,15.2,6.9,1,5.5,17.6,18.2,0,2.2,2.3,0.072,-1.8,0.9,-0.9,0.4,33,21.5,3.7,6.8,0.546,0.4,1.6,0.265,3.3,5.2,0.633,0.577,1.2,1.5,0.759,1,4.8,5.8,1,0.4,1.2,1.6,1.3,9.1
167,Rudy Gobert,C,30,MIN,70,18.9,0.675,0.005,0.623,12.2,29.8,21.2,5.6,1.2,3.9,14.9,16.3,4.3,3.5,7.8,0.174,0,0.7,0.7,1.4,70,30.7,5.1,7.8,0.659,0,0,0,5.1,7.8,0.663,0.659,3.1,4.9,0.644,3.3,8.3,11.6,1.2,0.8,1.4,1.7,3,13.4
244,Jalen Johnson,SF,21,ATL,70,14.1,0.554,0.323,0.242,5.3,24.6,14.8,10.4,1.7,2.8,10.3,16,0.8,1.3,2.1,0.099,-1.2,1.5,0.3,0.6,6,14.9,2.3,4.6,0.491,0.4,1.5,0.288,1.8,3.1,0.587,0.537,0.7,1.1,0.628,0.7,3.3,4,1.2,0.5,0.5,0.6,1.6,5.6
366,Kendrick Nunn,SG,27,TOT,70,11.1,0.53,0.496,0.091,1.8,10.3,6.2,13.8,1.4,0.6,12.4,23.7,-0.6,0.8,0.2,0.008,-2,-1.5,-3.5,-0.4,2,13.8,2.7,6.4,0.424,1.1,3.2,0.354,1.6,3.2,0.493,0.512,0.5,0.6,0.854,0.2,1.3,1.6,1.3,0.4,0.1,0.9,0.9,7.1
392,Bobby Portis,PF,27,MIL,70,17.8,0.575,0.32,0.156,9.2,28.6,19.3,8.7,0.8,0.7,8.6,21.7,2.5,2.8,5.3,0.139,1.2,-0.6,0.7,1.2,22,26,5.7,11.5,0.496,1.4,3.7,0.37,4.3,7.8,0.555,0.555,1.4,1.8,0.768,2.2,7.4,9.6,1.5,0.4,0.2,1.2,1.6,14.1
420,David Roddy,PF,21,MEM,70,8.8,0.519,0.505,0.155,4.2,12,8.1,6.1,1.1,1.4,11.3,16.7,-0.3,1.4,1.1,0.043,-3.2,-0.7,-3.9,-0.6,4,18,2.6,6,0.429,0.9,3,0.307,1.6,3,0.553,0.506,0.6,0.9,0.631,0.7,2,2.8,0.8,0.4,0.3,0.8,1.5,6.7
512,Aaron Wiggins,SG,24,OKC,70,12.2,0.607,0.336,0.196,5.5,12,8.7,8.3,1.4,1.1,12.2,14.5,1.4,1.2,2.6,0.097,-1.5,-0.5,-2.1,0,14,18.5,2.7,5.2,0.512,0.7,1.7,0.393,2,3.4,0.573,0.579,0.8,1,0.831,1,2,3,1.1,0.6,0.2,0.8,1.6,6.8
96,John Collins,PF,25,ATL,71,13.6,0.593,0.339,0.252,3.9,20,11.9,5.3,0.9,2.9,9.1,17.1,2.1,2.1,4.2,0.095,-1.4,0.2,-1.3,0.4,71,30,5.1,10,0.508,1,3.4,0.292,4.1,6.6,0.619,0.557,2,2.5,0.803,1.1,5.4,6.5,1.2,0.6,1,1.1,3.1,13.1
184,Quentin Grimes,SG,22,NYK,71,11.7,0.619,0.676,0.163,2.5,9.4,5.9,9.7,1.1,1.2,9.7,14.4,3.2,1.6,4.8,0.108,-0.3,0.1,-0.1,1,66,29.9,4,8.5,0.468,2.2,5.7,0.386,1.8,2.7,0.641,0.599,1.1,1.4,0.796,0.7,2.5,3.2,2.1,0.7,0.4,1,2.5,11.3
189,Tim Hardaway Jr.,SF,30,DAL,71,12.1,0.554,0.649,0.195,1.1,12.6,6.8,9,1.1,0.5,6.1,20.6,1,1.3,2.3,0.051,-0.3,-1.5,-1.8,0.1,45,30.3,4.8,11.9,0.401,3,7.7,0.385,1.8,4.2,0.431,0.527,1.8,2.3,0.77,0.3,3.2,3.5,1.8,0.7,0.2,0.8,1.7,14.4
309,Caleb Martin,SF,27,MIA,71,11.4,0.571,0.431,0.206,4.8,15,9.7,8.2,1.7,1.5,11.5,14.4,1.2,2.5,3.7,0.086,-1.8,0.5,-1.2,0.4,49,29.3,3.6,7.7,0.464,1.2,3.3,0.356,2.4,4.4,0.545,0.54,1.3,1.6,0.805,1.2,3.6,4.8,1.6,1,0.4,1.1,2,9.6
426,D'Angelo Russell,PG,26,TOT,71,16.3,0.605,0.517,0.228,1.7,8.5,5.2,27.4,1.4,1.1,15.1,22.7,3.1,1.9,5.1,0.106,2.1,-0.7,1.5,2,71,32.5,6.3,13.4,0.469,2.7,6.9,0.396,3.5,6.5,0.548,0.572,2.5,3,0.829,0.5,2.5,3,6.2,1,0.4,2.6,2,17.8
442,Pascal Siakam,PF,28,TOR,71,20.3,0.565,0.219,0.361,5.2,19.6,11.9,24.9,1.2,1.3,10,27.2,5.2,2.6,7.8,0.141,3.3,-0.1,3.1,3.4,71,37.4,8.9,18.5,0.48,1.3,4,0.324,7.6,14.5,0.523,0.515,5.2,6.7,0.774,1.8,6,7.8,5.8,0.9,0.5,2.4,3.2,24.2
473,Matisse Thybulle,SF-SG,25,TOT,71,10.5,0.552,0.585,0.111,3.9,9.7,6.8,5.9,3.4,2.4,8.3,10.6,0.6,1.5,2.1,0.086,-2.7,2.2,-0.5,0.4,28,16.9,1.5,3.6,0.435,0.8,2.1,0.365,0.8,1.5,0.533,0.542,0.3,0.4,0.679,0.6,1.4,2,0.7,1.2,0.5,0.3,1.6,4.1
7,Grayson Allen,SG,27,MIL,72,12.3,0.612,0.657,0.226,3.4,9,6.3,10.9,1.5,0.6,10.5,14.6,2.8,2.2,5.1,0.123,-0.6,0.7,0.1,1,70,27.4,3.4,7.7,0.44,2,5.1,0.399,1.4,2.7,0.518,0.571,1.6,1.8,0.905,0.8,2.4,3.3,2.3,0.9,0.2,1,1.6,10.4
23,Paolo Banchero,PF,20,ORL,72,14.9,0.529,0.254,0.476,3.9,19.3,11.6,17.2,1.2,1.5,12.8,27.5,-0.3,2.6,2.4,0.047,-0.7,-0.7,-1.5,0.3,72,33.8,6.7,15.6,0.427,1.2,4,0.298,5.5,11.6,0.471,0.465,5.5,7.4,0.738,1.2,5.7,6.9,3.7,0.8,0.5,2.8,2.2,20
124,Donte DiVincenzo,SG,26,GSW,72,12.8,0.593,0.7,0.131,4.7,14,9.4,17.3,2.4,0.5,16.4,15.1,1.9,2.3,4.2,0.106,-0.6,1.3,0.7,1.3,36,26.3,3.3,7.5,0.435,2.1,5.3,0.397,1.2,2.3,0.525,0.574,0.8,1,0.817,1.1,3.4,4.5,3.5,1.3,0.1,1.6,1.8,9.4
182,AJ Griffin,SF,19,ATL,72,12.6,0.577,0.486,0.088,2.9,9.2,6,7,1.4,0.7,7.1,17.9,1.3,0.9,2.2,0.075,-0.3,-0.5,-0.8,0.4,12,19.5,3.4,7.4,0.465,1.4,3.6,0.39,2,3.8,0.536,0.56,0.6,0.7,0.894,0.5,1.6,2.1,1,0.6,0.2,0.6,1.2,8.9
273,John Konchar,SF,26,MEM,72,10.8,0.542,0.553,0.113,4.5,17.4,11,8.2,2.4,1.5,9.9,10.4,1,2.5,3.5,0.111,-1.9,2.4,0.5,0.9,23,20.8,1.9,4.4,0.431,0.8,2.5,0.339,1.1,2,0.545,0.525,0.4,0.5,0.778,0.9,3.4,4.3,1.4,1.1,0.3,0.5,1.6,5.1
371,Josh Okogie,SG,24,PHO,72,13.3,0.531,0.476,0.464,8.8,11.9,10.3,10.3,2,2.3,11.2,17.7,1.1,1.7,2.8,0.101,-0.8,0.5,-0.2,0.6,26,18.8,2.3,5.8,0.391,0.9,2.7,0.335,1.3,3,0.442,0.471,1.9,2.7,0.724,1.5,2,3.5,1.5,0.8,0.5,0.9,1.6,7.3
386,Jakob Poeltl,C,27,TOT,72,21,0.635,0.002,0.325,13,25.5,19,15.2,1.7,4,15,18.2,3.7,2.2,6,0.15,1.1,0.8,1.9,1.9,71,26.5,5.4,8.6,0.629,0,0,0,5.4,8.6,0.63,0.629,1.7,2.8,0.592,3.3,5.8,9.1,2.7,0.9,1.2,1.7,2.7,12.5
29,RJ Barrett,SG,22,NYK,73,12.9,0.531,0.332,0.333,2.7,13.7,8.2,12.4,0.6,0.6,10.8,26.2,0.5,1.8,2.2,0.043,-1.2,-1.9,-3.1,-0.7,73,33.9,7,16.1,0.434,1.7,5.3,0.31,5.3,10.8,0.495,0.485,4,5.4,0.74,0.8,4.2,5,2.8,0.4,0.2,2.2,2.5,19.6
61,Dillon Brooks,SF,27,MEM,73,9.4,0.494,0.443,0.155,2.2,9.5,5.8,11.7,1.4,0.7,8.9,21.8,-0.8,2.4,1.6,0.034,-3.4,-0.5,-3.9,-1.1,73,30.3,5.4,13.6,0.396,2,6,0.326,3.4,7.6,0.451,0.468,1.6,2.1,0.779,0.6,2.7,3.3,2.6,0.9,0.2,1.4,3.3,14.3
153,De'Aaron Fox,PG,25,SAC,73,21.8,0.599,0.276,0.331,1.9,12.4,7.2,29.6,1.6,0.8,10.6,30.1,5.5,1.8,7.4,0.146,3.4,-0.9,2.5,2.7,73,33.4,9.3,18.2,0.512,1.6,5,0.324,7.7,13.2,0.584,0.557,4.7,6,0.78,0.5,3.6,4.2,6.1,1.1,0.3,2.5,2.4,25
171,Devonte' Graham,PG,27,TOT,73,12.5,0.552,0.784,0.304,1.6,8.7,5.1,19.4,1.6,1.1,9.8,17.1,1.5,1,2.5,0.091,0.1,-0.2,-0.1,0.6,8,18.3,2.2,5.9,0.374,1.6,4.6,0.352,0.6,1.3,0.452,0.512,1.3,1.8,0.748,0.3,1.4,1.7,2.7,0.6,0.2,0.7,1.1,7.4
176,Draymond Green,PF,32,GSW,73,12.2,0.592,0.276,0.228,3.2,21.6,12.6,27.8,1.5,2.3,28.1,13.2,1.6,3.1,4.7,0.098,-1.8,2.6,0.8,1.6,73,31.5,3.4,6.5,0.527,0.5,1.8,0.305,2.9,4.7,0.612,0.57,1.1,1.5,0.713,0.9,6.3,7.2,6.8,1,0.8,2.8,3.1,8.5
241,Isaiah Joe,SG,23,OKC,73,14.5,0.626,0.776,0.197,2,11.6,6.7,8.7,1.6,0.5,6.6,17.7,2.5,1.3,3.8,0.131,1.3,-0.4,0.9,1,10,19.1,3.1,7,0.441,2.2,5.4,0.409,0.9,1.6,0.553,0.599,1.1,1.4,0.82,0.4,2,2.4,1.2,0.7,0.1,0.5,1.4,9.5
358,Aaron Nesmith,SF,23,IND,73,10.5,0.566,0.532,0.241,3.8,13.1,8.5,7.4,1.4,1.6,10.3,16.8,0.9,1.1,2,0.052,-2.3,-0.7,-3,-0.4,60,24.9,3.5,8.1,0.427,1.6,4.3,0.366,1.9,3.8,0.496,0.525,1.6,1.9,0.838,0.8,2.9,3.8,1.3,0.8,0.5,1,3.2,10.1
500,P.J. Washington,PF,24,CHO,73,12.9,0.542,0.438,0.178,3.2,13,8,11,1.3,2.9,9.4,20.6,0.4,2.2,2.6,0.052,-1,-0.3,-1.3,0.4,73,32.6,5.9,13.4,0.444,2,5.9,0.348,3.9,7.5,0.518,0.52,1.7,2.4,0.73,1,3.9,4.9,2.4,0.9,1.1,1.5,2.6,15.7
507,Russell Westbrook,PG,34,TOT,73,16.1,0.513,0.289,0.317,4.7,16.5,10.8,38.6,1.7,1.3,18.4,27.7,-0.6,2.6,1.9,0.044,0.3,-0.1,0.2,1.2,24,29.1,5.9,13.6,0.436,1.2,3.9,0.311,4.7,9.7,0.487,0.481,2.8,4.3,0.656,1.2,4.6,5.8,7.5,1,0.5,3.5,2.2,15.9
536,Trae Young,PG,24,ATL,73,22,0.573,0.331,0.46,2.4,7,4.7,42.5,1.5,0.3,15.2,32.6,5.3,1.4,6.7,0.126,5.3,-2,3.3,3.4,73,34.8,8.2,19,0.429,2.1,6.3,0.335,6.1,12.7,0.476,0.485,7.8,8.8,0.886,0.8,2.2,3,10.2,1.1,0.1,4.1,1.4,26.2
117,DeMar DeRozan,SF,33,CHI,74,20.6,0.592,0.109,0.401,1.5,12.8,7.2,22.3,1.5,1.3,9.1,27.8,5.4,3.2,8.5,0.153,1.7,0.3,2,2.6,74,36.2,8.9,17.6,0.504,0.6,1.9,0.324,8.3,15.7,0.526,0.522,6.2,7.1,0.872,0.5,4.2,4.6,5.1,1.1,0.5,2.1,2.5,24.5
127,Luguentz Dort,SF,23,OKC,74,11.3,0.513,0.468,0.297,5.9,10.4,8.1,9.2,1.6,0.9,8.5,19.8,0.9,2.1,2.9,0.062,-2,-1,-3,-0.6,73,30.7,4.6,11.8,0.388,1.8,5.5,0.33,2.8,6.3,0.44,0.466,2.7,3.5,0.772,1.7,2.9,4.6,2.1,1,0.3,1.2,3.3,13.7
195,Joe Harris,SF,31,BRK,74,10.6,0.621,0.757,0.064,1.7,10.1,6,9.1,1.1,0.7,8.3,14.3,1.5,1.1,2.6,0.083,-0.6,-0.6,-1.1,0.3,33,20.6,2.7,5.9,0.457,1.9,4.5,0.426,0.8,1.4,0.551,0.618,0.2,0.4,0.643,0.3,1.9,2.2,1.4,0.5,0.2,0.6,1.9,7.6
197,Tobias Harris,SF,30,PHI,74,14.8,0.602,0.383,0.153,3.3,17,10.3,11.4,1.4,1.5,9,18.2,3.1,2.8,5.9,0.116,0.6,0.1,0.7,1.7,74,32.9,5.7,11.4,0.501,1.7,4.4,0.389,4,7,0.57,0.575,1.5,1.7,0.876,0.9,4.8,5.7,2.5,0.9,0.5,1.2,2,14.7
232,Jaden Ivey,SG,20,DET,74,12.1,0.528,0.356,0.362,3.4,10.7,6.9,26.2,1.3,0.7,17.2,25.4,-0.9,0.8,0,-0.001,-1.4,-1.9,-3.3,-0.7,73,31.1,5.5,13.3,0.416,1.6,4.7,0.343,3.9,8.6,0.457,0.477,3.6,4.8,0.747,1,2.9,3.9,5.2,0.8,0.2,3.2,3.3,16.3
265,Walker Kessler,C,21,UTA,74,21.5,0.702,0.007,0.384,14.9,24.4,19.7,5.7,0.7,8.6,10.7,13.3,4.6,2.5,7.1,0.2,1.4,1.5,2.9,2.1,40,23,4,5.6,0.72,0,0,0.333,4,5.6,0.723,0.721,1.1,2.1,0.516,3.1,5.3,8.4,0.9,0.4,2.3,0.8,2.3,9.2
268,Corey Kispert,SF,23,WAS,74,11.5,0.657,0.656,0.15,1.8,8.9,5.5,5.7,0.7,0.4,8.1,14.1,2.9,0.9,3.8,0.088,-0.1,-1.4,-1.5,0.2,45,28.3,3.9,7.9,0.497,2.2,5.2,0.424,1.7,2.7,0.637,0.637,1,1.2,0.852,0.4,2.4,2.8,1.2,0.4,0.1,0.7,1.3,11.1
285,Damion Lee,SG,30,PHO,74,10.7,0.607,0.546,0.23,2.8,14,8.3,8.9,1,0.4,13.5,16.3,1.1,1.4,2.6,0.081,-1.3,-0.4,-1.7,0.1,5,20.4,2.7,6.1,0.442,1.5,3.3,0.445,1.2,2.8,0.439,0.564,1.3,1.4,0.904,0.5,2.5,3,1.3,0.4,0.1,1.1,1.6,8.2
290,Caris LeVert,SG,28,CLE,74,12.4,0.546,0.437,0.243,2.8,12.1,7.4,18,1.6,1,12.4,18.7,1.4,3.1,4.4,0.095,-1,0.8,-0.2,1,30,30.2,4.3,10,0.431,1.7,4.4,0.392,2.6,5.6,0.462,0.517,1.8,2.4,0.722,0.7,3.1,3.8,3.9,1,0.3,1.6,2.3,12.1
301,Trey Lyles,PF,27,SAC,74,14.2,0.607,0.588,0.304,6.3,21.1,13.7,7,1,2.2,12.2,18.1,1.4,1.2,2.6,0.098,0,-0.9,-1,0.3,0,16.9,2.5,5.5,0.458,1.2,3.2,0.363,1.4,2.3,0.595,0.565,1.4,1.7,0.815,0.9,3.1,4.1,0.9,0.4,0.4,0.9,1.3,7.6
351,Dejounte Murray,SG,26,ATL,74,17,0.54,0.293,0.144,2.1,13.8,7.9,24,2,0.6,10.2,24.4,2.4,2.3,4.7,0.084,1.1,0,1,2.1,74,36.4,8.3,17.8,0.464,1.8,5.2,0.344,6.5,12.6,0.514,0.514,2.1,2.6,0.832,0.7,4.5,5.3,6.1,1.5,0.3,2.2,1.4,20.5
465,Jayson Tatum,SF,24,BOS,74,23.7,0.607,0.44,0.399,3.2,22.5,13,20.9,1.4,1.6,10.4,32.7,6.2,4.3,10.5,0.185,4.8,0.7,5.5,5.1,74,36.9,9.8,21.1,0.466,3.2,9.3,0.35,6.6,11.8,0.558,0.543,7.2,8.4,0.854,1.1,7.7,8.8,4.6,1.1,0.7,2.9,2.2,30.1
508,Coby White,SG,22,CHI,74,12.5,0.572,0.579,0.118,1.1,12.6,6.9,16.3,1.5,0.3,10.6,17.9,1.2,1.9,3.1,0.087,-1,0.2,-0.8,0.5,2,23.4,3.6,8,0.443,1.7,4.6,0.372,1.8,3.4,0.54,0.551,0.8,0.9,0.871,0.2,2.6,2.9,2.8,0.7,0.1,1,1.6,9.7
3,Bam Adebayo,C,25,MIA,75,20.1,0.592,0.011,0.361,8,23.6,15.5,15.9,1.7,2.4,12.7,25.2,3.6,3.8,7.4,0.137,0.8,0.8,1.5,2.3,75,34.6,8,14.9,0.54,0,0.2,0.083,8,14.7,0.545,0.541,4.3,5.4,0.806,2.5,6.7,9.2,3.2,1.2,0.8,2.5,2.8,20.4
158,Usman Garuba,C,20,HOU,75,12.9,0.569,0.333,0.266,13.4,21.4,17.4,8.8,2.2,2.9,19.2,10.5,0.9,0.9,1.8,0.091,-2,0.6,-1.4,0.2,1,12.9,1.1,2.4,0.486,0.3,0.8,0.407,0.8,1.6,0.525,0.554,0.4,0.6,0.617,1.6,2.5,4.1,0.9,0.6,0.4,0.6,1.8,3
222,Kevin Huerter,SG,24,SAC,75,15.2,0.617,0.589,0.151,2.2,10.8,6.5,14.1,1.7,1,9.5,19.9,3.3,1.7,4.9,0.107,1.4,-0.3,1,1.7,75,29.4,5.6,11.5,0.485,2.7,6.8,0.402,2.9,4.7,0.604,0.603,1.3,1.7,0.725,0.6,2.8,3.3,2.9,1.1,0.3,1.3,2.4,15.2
320,CJ McCollum,SG,31,NOP,75,15.6,0.541,0.404,0.177,2.4,11.7,7,25.1,1.3,1.4,11.2,26.4,1.5,2.8,4.3,0.078,1.5,-0.7,0.8,1.9,75,35.3,7.8,17.9,0.437,2.8,7.2,0.389,5,10.7,0.469,0.515,2.4,3.2,0.769,0.7,3.6,4.4,5.7,0.9,0.5,2.4,2,20.9
321,T.J. McConnell,PG,30,IND,75,16.8,0.59,0.113,0.131,3.3,13.7,8.5,37.9,2.5,0.6,20.6,19.1,1.9,1.2,3.1,0.098,0.4,0.1,0.5,1,6,20.3,3.8,6.9,0.543,0.3,0.8,0.441,3.4,6.2,0.556,0.568,0.8,0.9,0.853,0.6,2.5,3.1,5.3,1.1,0.1,1.9,1.4,8.7
357,Andrew Nembhard,SG,23,IND,75,10,0.528,0.408,0.096,1.9,8.8,5.3,22.4,1.6,0.5,15.8,16.1,0.4,0.8,1.2,0.029,-2.4,-0.8,-3.2,-0.6,63,27.6,3.8,8.6,0.441,1.2,3.5,0.35,2.6,5.1,0.504,0.512,0.7,0.8,0.79,0.5,2.2,2.7,4.5,0.9,0.2,1.7,2.4,9.5
437,Alperen Şengün,C,20,HOU,75,19.7,0.599,0.071,0.36,12.1,22.3,17.1,21,1.6,3.2,17.3,21.4,3.4,1.8,5.2,0.115,1.1,0.4,1.4,1.9,72,28.9,5.9,10.7,0.553,0.3,0.8,0.333,5.6,9.9,0.57,0.565,2.7,3.8,0.715,3.2,5.8,9,3.9,0.9,0.9,2.6,3.4,14.8
480,P.J. Tucker,PF,37,PHI,75,5.7,0.566,0.622,0.102,5.9,12.1,9.1,3.9,1,0.7,15.8,6.5,0.9,1.7,2.5,0.064,-3.2,0.2,-3,-0.5,75,25.6,1.3,3,0.427,0.7,1.9,0.393,0.5,1.1,0.482,0.549,0.3,0.3,0.826,1.3,2.7,3.9,0.8,0.5,0.2,0.6,2.4,3.5
518,Jalen Williams,SG,21,OKC,75,15.6,0.601,0.258,0.241,3.9,12.2,7.9,15.4,2.1,1.4,12.3,18.4,3,2.6,5.6,0.119,-0.4,0.7,0.3,1.3,62,30.3,5.5,10.6,0.521,1,2.7,0.356,4.5,7.9,0.579,0.567,2.1,2.5,0.812,1.1,3.4,4.5,3.3,1.4,0.5,1.6,2.5,14.1
16,Deni Avdija,SF,22,WAS,76,11.2,0.535,0.401,0.285,4.2,21.9,13.4,13.9,1.6,1.2,15.9,16.7,0,2.3,2.3,0.054,-2.8,0.5,-2.3,-0.1,40,26.6,3.3,7.6,0.437,0.9,3.1,0.297,2.4,4.6,0.53,0.497,1.6,2.2,0.739,1,5.4,6.4,2.8,0.9,0.4,1.6,2.8,9.2
51,Chris Boucher,PF,30,TOR,76,18,0.59,0.357,0.318,10.9,21.2,15.7,2.7,1.5,4.1,6.4,18,3,2,5,0.156,0.7,-0.8,-0.1,0.7,0,20,3.4,7,0.493,0.8,2.5,0.328,2.6,4.5,0.585,0.552,1.7,2.2,0.762,2.1,3.5,5.5,0.4,0.6,0.8,0.5,1.9,9.4
57,Christian Braun,SG,21,DEN,76,10.3,0.568,0.332,0.221,4.8,12.6,8.8,6.4,1.7,1.3,9.9,13,0.7,1.2,1.9,0.079,-2.5,0.1,-2.4,-0.1,6,15.5,1.9,3.8,0.495,0.4,1.3,0.354,1.4,2.5,0.565,0.554,0.5,0.8,0.625,0.6,1.8,2.4,0.8,0.5,0.2,0.5,1.3,4.7
68,Troy Brown Jr.,SF,23,LAL,76,9.6,0.561,0.604,0.084,3.7,13.7,8.9,6.6,1.5,0.7,9.2,12.1,1,2,2.9,0.075,-1.8,0.8,-1,0.5,45,24.5,2.6,6.1,0.43,1.4,3.7,0.381,1.2,2.4,0.505,0.545,0.4,0.5,0.872,0.8,3.2,4.1,1.3,0.8,0.2,0.6,1.6,7.1
78,Kentavious Caldwell-Pope,SG,29,DEN,76,11.5,0.598,0.505,0.198,1.7,8.1,5,9.8,2.3,1.3,11.1,14.1,2,2.5,4.5,0.091,-1.6,0.6,-1,0.6,76,31.3,3.8,8.3,0.462,1.8,4.2,0.423,2.1,4.1,0.502,0.569,1.4,1.6,0.824,0.5,2.3,2.7,2.4,1.5,0.5,1.1,1.9,10.8
94,Nic Claxton,C,23,BRK,76,20.8,0.691,0.003,0.419,9.3,25.1,17.4,9.3,1.4,7.1,12.1,15.4,5.2,4,9.2,0.195,0.9,2.2,3.1,2.9,76,29.9,5.4,7.7,0.705,0,0,0,5.4,7.7,0.708,0.705,1.8,3.2,0.541,2.4,6.8,9.2,1.9,0.9,2.5,1.3,2.8,12.6
163,Josh Giddey,PF,20,OKC,76,17.1,0.533,0.209,0.13,6.6,20.9,13.6,29.9,1.1,1.2,15.1,24.6,1.3,2.7,4,0.081,1.5,-0.3,1.2,1.9,76,31.1,7.1,14.7,0.482,1,3.1,0.325,6.1,11.6,0.524,0.516,1.4,1.9,0.731,1.9,5.9,7.9,6.2,0.8,0.4,2.8,1.9,16.6
177,Jalen Green,SG,20,HOU,76,14.5,0.538,0.408,0.341,1.8,10.3,6,17.3,1.1,0.7,11.3,28.1,1.4,0.5,1.8,0.034,0.5,-2.6,-2.1,0,76,34.2,7.4,17.9,0.416,2.5,7.3,0.338,5,10.6,0.471,0.485,4.8,6.1,0.786,0.6,3.2,3.7,3.7,0.8,0.2,2.6,1.7,22.1
199,Josh Hart,SF,27,TOT,76,14.1,0.622,0.315,0.338,6.5,21,13.7,16.1,1.8,0.8,16.4,12.6,3.8,2.2,6,0.118,-0.2,1.1,0.9,1.8,52,32.3,3.6,6.8,0.529,0.8,2.2,0.372,2.8,4.7,0.601,0.588,1.7,2.3,0.75,1.9,5.9,7.8,3.8,1.2,0.3,1.5,2.6,9.8
204,Killian Hayes,PG,21,DET,76,10.2,0.455,0.351,0.137,1.4,10.2,5.7,32.3,2.3,1.1,16.7,20.5,-1.9,1.4,-0.5,-0.012,-3.3,-0.5,-3.8,-1,56,28.3,4,10.7,0.377,1.1,3.8,0.28,3,7,0.429,0.426,1.2,1.5,0.821,0.4,2.5,2.9,6.2,1.4,0.4,2.3,2.9,10.3
334,Shake Milton,SG,26,PHI,76,12.7,0.575,0.294,0.231,3,11.3,7.2,22.3,0.8,0.8,14.5,18.5,1.6,1.2,2.9,0.087,-1,-0.9,-2,0,11,20.6,3.2,6.6,0.479,0.7,1.9,0.378,2.4,4.7,0.521,0.535,1.3,1.5,0.853,0.5,2,2.5,3.2,0.3,0.2,1.2,1.6,8.4
369,Royce O'Neale,SF,29,BRK,76,9.2,0.538,0.707,0.116,2.6,15,9,15.3,1.3,1.7,15.5,13.6,0.4,2.5,2.9,0.057,-1.7,0.6,-1.1,0.5,53,31.7,3,7.8,0.386,2.1,5.5,0.389,0.9,2.3,0.379,0.524,0.7,0.9,0.725,0.7,4.3,5.1,3.7,0.9,0.6,1.5,3.1,8.8
373,Isaac Okoro,SF,22,CLE,76,10.7,0.614,0.483,0.291,3.7,9.6,6.7,7,1.7,1.7,9.5,11.9,1.9,2.3,4.2,0.122,-1.9,1.6,-0.3,0.7,46,21.7,2.3,4.7,0.494,0.8,2.3,0.363,1.5,2.4,0.617,0.582,1,1.4,0.757,0.7,1.8,2.5,1.1,0.7,0.4,0.6,2.1,6.4
395,Dwight Powell,C,31,DAL,76,15.5,0.738,0.019,0.625,11.8,13.3,12.5,6.9,1.6,1.6,15.9,12.6,3.8,1.3,5.1,0.168,-1.2,0,-1.2,0.3,64,19.2,2.6,3.5,0.732,0,0.1,0,2.6,3.5,0.746,0.732,1.5,2.2,0.667,2,2.2,4.1,0.9,0.6,0.3,0.9,2.8,6.7
539,Ivica Zubac,C,25,LAC,76,16.7,0.661,0.004,0.463,12.3,26.5,19.5,5.1,0.7,4,15.9,14.8,3.8,2.9,6.7,0.149,-1.1,0.2,-0.9,0.6,76,28.6,4.3,6.8,0.634,0,0,0,4.3,6.7,0.637,0.634,2.2,3.1,0.697,3.1,6.8,9.9,1,0.4,1.3,1.5,2.9,1
5,Santi Aldama,PF,22,MEM,77,13.9,0.591,0.507,0.274,5.4,18,11.7,7.6,1.3,2.6,9.3,16,2.1,2.4,4.6,0.13,-0.3,0.8,0.5,1.1,20,21.8,3.2,6.8,0.47,1.2,3.5,0.353,2,3.4,0.591,0.56,1.4,1.9,0.75,1.1,3.7,4.8,1.3,0.6,0.6,0.8,1.9,9
28,Scottie Barnes,SF,21,TOR,77,15.5,0.524,0.22,0.242,7.1,15.2,10.8,20,1.5,2.2,12,20.3,2.3,2.7,5,0.09,0.5,-0.1,0.4,1.6,76,34.8,6,13.2,0.456,0.8,2.9,0.281,5.2,10.3,0.505,0.487,2.5,3.2,0.772,2.3,4.3,6.6,4.8,1.1,0.8,2,2.2,15.3
40,Saddiq Bey,SF,23,TOT,77,14.6,0.564,0.5,0.285,5,14,9.4,8.1,1.6,0.5,7,20.2,2.6,1.2,3.9,0.087,0.9,-1.2,-0.3,0.9,37,27.6,4.6,10.9,0.422,2,5.4,0.361,2.6,5.4,0.483,0.513,2.7,3.1,0.861,1.3,3.4,4.7,1.5,0.9,0.2,0.9,1.6,13.8
283,Zach LaVine,SG,27,CHI,77,19,0.607,0.392,0.308,1.7,12.2,7.1,18.7,1.2,0.6,11,28.3,4.2,2.9,7.1,0.123,2.7,-0.7,1.9,2.7,77,35.9,8.7,18,0.485,2.6,7.1,0.375,6.1,11,0.556,0.558,4.7,5.6,0.848,0.5,3.9,4.5,4.2,0.9,0.2,2.5,2.1,24.8
308,Naji Marshall,SF,25,NOP,77,11.4,0.539,0.382,0.306,3,14.6,8.8,14.4,1.5,0.7,13,17.8,0.5,2,2.5,0.068,-1.9,0,-1.9,0.1,21,23.3,3.2,7.4,0.433,0.9,2.8,0.303,2.4,4.6,0.513,0.49,1.8,2.3,0.789,0.6,3,3.6,2.5,0.7,0.2,1.3,1.5,9.1
329,De'Anthony Melton,SG,24,PHI,77,12.7,0.566,0.619,0.134,3.9,13.1,8.6,12.9,2.9,1.8,12.9,16.4,1.1,3.1,4.2,0.095,-0.7,1.6,0.9,1.6,58,27.9,3.6,8.5,0.425,2,5.2,0.39,1.6,3.2,0.484,0.546,0.9,1.1,0.793,0.9,3.2,4.1,2.6,1.6,0.5,1.3,2.5,10.1
342,Malik Monk,SG,24,SAC,77,16.6,0.587,0.5,0.26,2.1,11.3,6.7,25,1.4,1,14.1,25.8,2.1,1.2,3.2,0.091,1.6,-1.4,0.3,1,0,22.3,4.6,10.3,0.448,1.9,5.2,0.359,2.8,5.2,0.538,0.538,2.4,2.7,0.889,0.4,2.2,2.6,3.9,0.6,0.3,1.9,1.6,13.5
378,Cedi Osman,SF,27,CLE,77,12,0.579,0.589,0.204,1.9,11.5,6.7,10.6,1.1,0.7,8.3,18.2,1.4,1.9,3.3,0.103,-0.8,0.2,-0.7,0.5,2,20.1,3.1,6.9,0.451,1.5,4.1,0.372,1.6,2.8,0.564,0.56,1,1.4,0.694,0.3,2,2.3,1.5,0.5,0.1,0.7,1.6,8.7
405,Julius Randle,PF,28,NYK,77,20.3,0.581,0.444,0.371,5.6,25.2,15.4,18.5,0.9,0.7,11.5,29.5,5,3.1,8.1,0.142,3.9,-0.2,3.7,3.9,77,35.5,8.5,18.6,0.459,2.8,8.3,0.343,5.7,10.3,0.553,0.536,5.2,6.9,0.757,1.8,8.1,10,4.1,0.6,0.3,2.8,3,25.1
33,Nicolas Batum,PF,34,LAC,78,11,0.594,0.832,0.126,4.1,15.4,9.8,9.4,1.5,2.3,11.1,11.5,1.7,1.9,3.6,0.101,-0.8,1.2,0.5,1,19,21.9,2.1,4.9,0.42,1.6,4.1,0.391,0.5,0.8,0.563,0.583,0.4,0.6,0.708,0.8,3,3.8,1.6,0.7,0.6,0.6,1.9,6.1
71,Reggie Bullock,SF,31,DAL,78,7.7,0.577,0.845,0.079,1.6,12.5,7,6.2,1.1,0.5,6.9,10,1.3,1.4,2.8,0.056,-2.3,-0.3,-2.6,-0.4,55,30.3,2.5,6,0.409,1.9,5.1,0.38,0.5,0.9,0.562,0.569,0.3,0.5,0.703,0.4,3.2,3.6,1.4,0.7,0.2,0.5,2.1,7.2
144,Drew Eubanks,C,25,POR,78,16.2,0.666,0.054,0.374,9.5,20.9,15.2,9.2,1.2,5.7,14.7,12.5,2.9,1.6,4.4,0.134,-0.9,0.9,0.1,0.8,28,20.3,2.7,4.3,0.641,0.1,0.2,0.389,2.7,4.1,0.655,0.651,1.1,1.6,0.664,1.7,3.7,5.4,1.3,0.5,1.3,0.9,2.2,6.6
156,Daniel Gafford,C,24,WAS,78,19.7,0.739,0,0.473,11.7,18,15,7.5,1,5.2,15.1,15.2,4.2,1.9,6.1,0.184,0.4,0.6,1,1.2,47,20.6,3.7,5.1,0.732,0,0,,3.7,5.1,0.732,0.732,1.6,2.4,0.679,2.1,3.5,5.6,1.1,0.4,1.3,1.1,2.4,9
297,Brook Lopez,C,34,MIL,78,18.4,0.63,0.405,0.211,7.2,15.3,11.4,6.1,0.7,6.7,9.8,19.3,4.1,3.9,8,0.161,0.8,1.3,2.1,2.5,78,30.4,6.1,11.5,0.531,1.7,4.7,0.374,4.4,6.9,0.637,0.606,1.9,2.4,0.784,2,4.7,6.7,1.3,0.5,2.5,1.4,2.6,15.9
314,Bennedict Mathurin,SG,20,IND,78,13.1,0.566,0.326,0.477,4.4,11.5,7.9,7.6,1,0.5,11.7,24.6,1,0.8,1.8,0.038,-1.2,-2.5,-3.7,-1,17,28.5,5.3,12.2,0.434,1.3,4,0.323,4,8.2,0.488,0.487,4.8,5.8,0.828,1.1,3,4.1,1.5,0.6,0.2,1.9,2.1,16.7
360,Georges Niang,PF,29,PHI,78,10.9,0.61,0.765,0.09,1.5,12.8,7.2,7.3,1,0.9,9.4,17,1.1,1.4,2.5,0.078,-0.4,-1,-1.4,0.2,1,19.4,2.8,6.4,0.442,2,4.9,0.401,0.9,1.5,0.576,0.596,0.5,0.6,0.867,0.2,2.1,2.4,1,0.4,0.2,0.7,1.9,8.2
484,Jarred Vanderbilt,PF,23,TOT,78,15.1,0.604,0.2,0.308,10,23.2,16.7,13.1,2.1,0.9,15.9,13.6,2.7,2.5,5.2,0.132,-0.6,1.6,1.1,1.5,65,24.1,3.2,5.8,0.548,0.4,1.2,0.322,2.8,4.6,0.604,0.58,1.2,1.8,0.691,2.2,5.3,7.5,2.4,1.1,0.3,1.2,2.4,7.9
103,Torrey Craig,PF,32,PHO,79,11.6,0.566,0.506,0.09,8.1,16.3,12.1,7.9,1.3,2.9,12.3,13,1.5,2.5,4,0.098,-1.3,0.7,-0.6,0.7,60,24.7,2.9,6.3,0.456,1.3,3.2,0.395,1.6,3.1,0.518,0.556,0.4,0.6,0.711,1.8,3.6,5.4,1.5,0.6,0.8,0.9,2.3,7.4
123,Spencer Dinwiddie,SG-PG,29,TOT,79,16,0.573,0.467,0.314,1.2,10.2,5.7,28.1,1.2,0.8,10.8,22.1,4.5,1.8,6.3,0.111,1.6,-0.9,0.7,1.8,79,34.5,5.8,13.3,0.438,2.3,6.2,0.369,3.5,7.1,0.498,0.524,3.4,4.2,0.812,0.4,3.1,3.4,6.5,0.8,0.3,1.8,2.4,17.3
140,Anthony Edwards,SG,21,MIN,79,17.4,0.564,0.375,0.274,1.9,15.9,9,19.3,2.1,1.8,13,29.9,0.2,3.6,3.8,0.064,1,0,1,2.1,79,36,8.9,19.5,0.459,2.7,7.3,0.369,6.3,12.2,0.513,0.528,4,5.3,0.756,0.6,5.2,5.8,4.4,1.6,0.7,3.3,2.4,24.6
322,Jaden McDaniels,SF,22,MIN,79,12,0.611,0.376,0.201,4.3,9.8,7.1,8.4,1.5,2.7,12.6,15.8,2,2.4,4.4,0.087,-1.7,0.5,-1.2,0.5,79,30.6,4.7,9.1,0.517,1.4,3.4,0.398,3.3,5.7,0.588,0.591,1.3,1.8,0.736,1.2,2.7,3.9,1.9,0.9,1,1.4,3.4,12.1
339,Evan Mobley,PF,21,CLE,79,17.9,0.591,0.108,0.321,8.1,22.7,15.4,12.4,1.1,4,11.9,20.2,3.7,4.8,8.5,0.151,0,1.6,1.7,2.5,79,34.4,6.6,12,0.554,0.3,1.3,0.216,6.4,10.7,0.595,0.566,2.6,3.8,0.674,2.4,6.6,9,2.8,0.8,1.5,1.8,2.8,16.2
350,Trey Murphy III,SF,22,NOP,79,15.2,0.65,0.621,0.238,2.7,10.3,6.5,6.4,1.8,1.7,6.5,16.6,4.8,2.8,7.6,0.15,1.4,0.4,1.8,2.3,65,31,4.9,10.1,0.484,2.6,6.3,0.406,2.3,3.8,0.611,0.61,2.2,2.4,0.905,0.7,2.8,3.6,1.4,1.1,0.5,0.8,2,14.5
385,Mason Plumlee,C,32,TOT,79,19.6,0.689,0,0.647,11.8,25.1,18.4,17.3,1.1,2,15.8,15.2,5.5,2.4,7.9,0.185,1.2,1,2.2,2.2,60,26,4.2,6.1,0.68,0,0,,4.2,6.1,0.68,0.68,2.5,4,0.636,2.9,6,8.9,3.1,0.6,0.6,1.5,2.7,10.8
428,Domantas Sabonis,C,26,SAC,79,23.5,0.668,0.088,0.467,10.6,30,20.3,30.4,1.1,1.2,16.9,21.3,9.6,3,12.6,0.221,4.1,1.8,5.8,5.4,79,34.6,7.3,11.9,0.615,0.4,1.1,0.373,6.9,10.8,0.639,0.632,4.1,5.5,0.742,3.2,9.1,12.3,7.3,0.8,0.5,2.9,3.5,19.1
453,Jabari Smith Jr.,PF,19,HOU,79,11.2,0.514,0.438,0.231,5.4,20.3,12.7,5.9,0.9,3,9.6,18.4,0.5,1.4,1.9,0.037,-2.3,-1.3,-3.7,-1.1,79,31,4.6,11.3,0.408,1.5,4.9,0.307,3.1,6.3,0.487,0.475,2.1,2.6,0.786,1.5,5.7,7.2,1.3,0.5,0.9,1.3,2.9,12.8
483,Jonas Valančiūnas,C,30,NOP,79,19.3,0.61,0.134,0.275,13,33.3,23.1,11.1,0.5,2.5,14.8,23.4,2.8,3,5.8,0.142,0,-0.4,-0.4,0.8,79,24.9,5.6,10.3,0.547,0.5,1.4,0.349,5.2,8.9,0.577,0.57,2.3,2.8,0.826,2.8,7.3,10.2,1.8,0.3,0.7,2,3.1,14.1
517,Grant Williams,PF,24,BOS,79,10.3,0.605,0.611,0.256,4.7,14.5,9.7,8.4,1,1.3,13.4,13.1,1.9,2.6,4.4,0.104,-1.8,0.7,-1.1,0.5,23,25.9,2.7,6,0.454,1.5,3.7,0.395,1.3,2.3,0.546,0.575,1.2,1.5,0.77,1.1,3.5,4.6,1.7,0.5,0.4,1,2.4,8.1
62,Bruce Brown,SF,26,DEN,80,13.3,0.571,0.343,0.206,3.3,13,8.3,15.7,1.9,2,13.2,17.8,1.7,2.6,4.3,0.09,-1.1,0.6,-0.5,0.9,31,28.5,4.5,9.3,0.483,1.1,3.2,0.358,3.3,6.1,0.548,0.545,1.5,1.9,0.758,0.8,3.3,4.1,3.4,1.1,0.6,1.5,2.4,11.5
128,Ayo Dosunmu,SG,23,CHI,80,10.2,0.567,0.332,0.144,2.5,9.3,5.9,13.2,1.4,1.2,14,14.9,0.7,2.2,2.9,0.067,-3,0.6,-2.5,-0.2,51,26.2,3.5,7.1,0.493,0.7,2.4,0.312,2.8,4.8,0.583,0.545,0.8,1,0.805,0.6,2.2,2.8,2.6,0.8,0.3,1.2,2.3,8.6
202,Sam Hauser,SF,25,BOS,80,12.7,0.634,0.846,0.043,3,14.1,8.6,7.6,1.1,1.4,6.9,14.7,1.8,1.6,3.4,0.128,0.6,0.4,1,1,8,16.1,2.3,5,0.455,1.8,4.2,0.418,0.5,0.8,0.656,0.631,0.2,0.2,0.706,0.4,2.1,2.6,0.9,0.4,0.3,0.4,1.2,6.4
209,Buddy Hield,SF,30,IND,80,15.4,0.614,0.652,0.124,3,14.9,8.9,13.3,1.8,0.9,11.3,20.8,2.7,1.6,4.4,0.085,2.5,-0.6,1.9,2.4,73,31,5.9,13,0.458,3.6,8.5,0.425,2.3,4.5,0.518,0.596,1.3,1.6,0.822,0.8,4.2,5,2.8,1.2,0.3,1.7,2,16.8
256,Tyus Jones,PG,26,MEM,80,16,0.546,0.459,0.141,1.5,9.4,5.5,28.8,2,0.3,8.9,17.7,3.4,2.3,5.7,0.141,1.2,0.3,1.6,1.7,22,24.3,3.9,8.9,0.438,1.5,4.1,0.371,2.4,4.8,0.495,0.523,1,1.3,0.8,0.4,2.2,2.5,5.2,1,0.1,0.9,0.4,10.3
323,Jalen McDaniels,SF,25,TOT,80,11.8,0.557,0.376,0.224,3.6,16.3,9.9,9.6,2.1,1.6,12.1,17.2,0.5,2.2,2.7,0.068,-2.7,0.6,-2.1,-0.1,24,23.9,3.5,7.7,0.455,1,2.9,0.332,2.6,4.8,0.53,0.518,1.5,1.7,0.841,0.8,3.5,4.3,1.6,1,0.4,1.2,2.6,9.4
337,Davion Mitchell,PG,24,SAC,80,9.4,0.545,0.494,0.078,1.3,7,4.1,16.5,1.5,0.9,13.1,14.1,0.7,0.8,1.5,0.05,-2.4,-0.4,-2.8,-0.3,9,18.1,2.3,5,0.454,0.8,2.5,0.32,1.5,2.5,0.584,0.533,0.3,0.4,0.806,0.2,1.1,1.3,2.3,0.6,0.2,0.8,1.4,5.6
353,Keegan Murray,SF,22,SAC,80,12.3,0.597,0.641,0.104,4.3,13.4,8.9,5.5,1.2,1.5,6.8,15.8,2.6,1.7,4.3,0.087,0.4,-1,-0.6,0.8,78,29.8,4.4,9.8,0.453,2.6,6.3,0.411,1.9,3.5,0.527,0.584,0.8,1,0.765,1.1,3.5,4.6,1.2,0.8,0.5,0.8,2,12.2
372,Onyeka Okongwu,C,22,ATL,80,19.4,0.678,0.026,0.394,12.7,21.5,17,5.8,1.4,4.9,12.2,15.1,4.7,2.4,7.1,0.185,0,0.8,0.8,1.3,18,23.1,4,6.2,0.638,0.1,0.2,0.308,3.9,6.1,0.647,0.642,1.9,2.5,0.781,2.7,4.5,7.2,1,0.7,1.3,1,3.1,9.9
441,Shaedon Sharpe,SG,19,POR,80,11.5,0.568,0.437,0.162,4,11.3,7.6,7.9,1,1.2,10.7,19,0.6,0.6,1.2,0.032,-1.3,-2,-3.3,-0.6,15,22.2,3.8,8.1,0.472,1.3,3.5,0.36,2.6,4.6,0.559,0.551,0.9,1.3,0.714,0.8,2.2,3,1.2,0.5,0.3,1,1.7,9.9
460,Max Strus,SF,26,MIA,80,10.8,0.557,0.713,0.113,2.4,11.2,6.7,11.2,0.9,0.5,7.8,17.6,1.5,1.9,3.4,0.071,-0.8,-0.9,-1.7,0.2,33,28.4,4.1,9.9,0.41,2.5,7,0.35,1.6,2.8,0.559,0.535,1,1.1,0.876,0.6,2.6,3.2,2.1,0.5,0.2,0.9,2.1,11.5
491,Franz Wagner,SF,21,ORL,80,15.9,0.589,0.322,0.288,3,11.2,7.1,17.2,1.4,0.6,11.7,23.5,3.1,2.3,5.4,0.099,0.4,-0.5,-0.1,1.3,80,32.6,6.8,14,0.485,1.6,4.5,0.361,5.2,9.5,0.544,0.543,3.4,4,0.842,0.9,3.2,4.1,3.5,1,0.2,2.1,2.3,18.6
36,Malik Beasley,SG,26,TOT,81,10.9,0.531,0.702,0.069,1.8,12.5,7.3,8.4,1.5,0.4,8.5,21.1,-0.2,1.6,1.4,0.032,-0.9,-1,-2,0,27,25.8,4.6,11.6,0.395,2.9,8.1,0.357,1.7,3.4,0.484,0.52,0.6,0.8,0.769,0.4,3.1,3.5,1.5,0.8,0.1,1.1,1.3,12.7
83,Jevon Carter,PG,27,MIL,81,10.9,0.56,0.596,0.067,2.1,9.3,5.8,14.5,1.7,1.3,11.8,15.3,1.2,2.3,3.5,0.092,-1.9,1.2,-0.6,0.6,39,22.3,3,7,0.423,1.8,4.2,0.421,1.2,2.8,0.425,0.549,0.4,0.5,0.816,0.4,2.1,2.5,2.4,0.8,0.4,1,2,8
304,Terance Mann,SG,26,LAC,81,13.4,0.619,0.378,0.225,4.7,11.8,8.3,14,1.1,1,12.2,15.3,2.8,1.5,4.3,0.111,-0.3,0.1,-0.2,0.8,36,23.1,3.4,6.5,0.519,1,2.4,0.389,2.4,4,0.598,0.593,1.1,1.5,0.78,1,2.5,3.4,2.3,0.5,0.3,1,1.8,8.8
403,Immanuel Quickley,SG,23,NYK,81,16.3,0.578,0.485,0.265,2.7,13.1,7.9,17.4,1.7,0.6,8.7,20.9,4.4,2.3,6.7,0.137,1.3,0.4,1.7,2.1,21,28.9,5.2,11.6,0.448,2.1,5.6,0.37,3.1,6,0.521,0.537,2.5,3.1,0.819,0.7,3.4,4.2,3.4,1,0.2,1.2,2,14.9
27,Harrison Barnes,PF,30,SAC,82,14.1,0.632,0.446,0.522,3.8,11.9,7.9,6.3,1,0.3,8.1,17.1,5.1,1.4,6.5,0.118,0.5,-1.5,-1,0.7,82,32.5,4.6,9.6,0.473,1.6,4.3,0.374,3,5.3,0.553,0.556,4.3,5,0.847,1.1,3.4,4.5,1.6,0.7,0.1,1,1.3,15
139,Tari Eason,PF,21,HOU,82,15.2,0.525,0.261,0.22,12,18.9,15.4,7.4,2.6,2.6,12.2,19.3,0.9,1.7,2.6,0.07,-1.3,-0.4,-1.7,0.1,5,21.5,3.6,8,0.448,0.7,2.1,0.343,2.9,6,0.486,0.493,1.3,1.8,0.752,2.4,3.7,6,1.1,1.2,0.6,1.2,2.3,9.3
200,Isaiah Hartenstein,C,24,NYK,82,14.2,0.567,0.113,0.217,14.1,22.2,18.1,8.3,1.6,3.7,15.6,11.2,2.2,2.4,4.6,0.136,-1.5,1.2,-0.3,0.7,8,19.8,2.1,4,0.535,0.1,0.5,0.216,2,3.5,0.576,0.547,0.6,0.9,0.676,2.5,4,6.5,1.2,0.6,0.8,0.8,2.6,5
296,Kevon Looney,C,26,GSW,82,17.8,0.639,0.003,0.404,15.7,26.8,21.4,13.8,1.3,2.2,9.1,10.6,5.9,2.8,8.7,0.212,0.9,1.3,2.1,2,70,23.9,3,4.7,0.63,0,0,0,3,4.7,0.632,0.63,1.1,1.9,0.606,3.3,5.9,9.3,2.5,0.6,0.6,0.5,2.7,7
311,Kenyon Martin Jr.,SF,22,HOU,82,15.4,0.635,0.3,0.308,6,15.8,10.8,8.1,0.9,1.3,10,16.4,4.2,0.7,4.9,0.103,0.6,-1.3,-0.7,0.7,49,28,5,8.8,0.569,0.8,2.6,0.315,4.2,6.1,0.679,0.617,1.8,2.7,0.68,1.5,4,5.5,1.5,0.5,0.4,1.1,1.8,12.7
388,Jordan Poole,PG,23,GSW,82,14.6,0.573,0.498,0.325,1.5,8.5,5,22.5,1.2,0.8,14.7,29.2,1.4,1.9,3.2,0.063,-0.1,-1.8,-1.9,0.1,43,30,6.7,15.6,0.43,2.6,7.8,0.336,4.1,7.8,0.524,0.514,4.4,5.1,0.87,0.4,2.4,2.7,4.5,0.8,0.3,3.1,2.6,20.4
489,Nikola Vučević,C,32,CHI,82,19.1,0.594,0.302,0.138,6.7,30.2,18.6,14.6,1.1,2,10.2,21.9,3.9,4.4,8.3,0.145,1.9,0.7,2.7,3.2,82,33.5,7.3,14,0.52,1.5,4.2,0.349,5.8,9.8,0.594,0.573,1.6,1.9,0.835,1.9,9.1,11,3.2,0.7,0.7,1.7,2.2,17.6
509,Derrick White,SG,28,BOS,82,15.4,0.604,0.516,0.253,2.5,11.2,6.9,19.4,1.1,2.8,10.1,17.7,4.4,3.1,7.4,0.154,1.1,1.3,2.4,2.6,70,28.3,4.3,9.2,0.462,1.8,4.8,0.381,2.5,4.5,0.548,0.56,2,2.3,0.875,0.6,2.9,3.6,3.9,0.7,0.9,1.2,2.2,12.4
523,Patrick Williams,PF,21,CHI,82,11.2,0.576,0.409,0.155,3.9,12,8,5.8,1.5,2.9,12.3,15.7,0.5,3,3.5,0.072,-1.7,0.4,-1.3,0.4,65,28.3,3.8,8.3,0.464,1.4,3.4,0.415,2.4,4.9,0.498,0.549,1.1,1.3,0.857,1,3,4,1.2,0.9,0.9,1.2,1.8,10.2
58,Mikal Bridges,SF-SG,26,TOT,83,16.8,0.587,0.349,0.279,2.9,10.8,6.8,13.7,1.5,1.8,8.2,22.6,4.4,3.1,7.5,0.121,1.5,0.2,1.7,2.8,83,35.7,7.1,15.3,0.468,2,5.3,0.382,5.1,9.9,0.514,0.535,3.8,4.3,0.895,1,3.4,4.4,3.3,1.1,0.7,1.5,1.9,20.1
